{
  "type": "FeatureCollection",
  "generator": "overpass-turbo",
  "copyright": "The data included in this document is from www.openstreetmap.org. The data is made available under ODbL.",
  "timestamp": "2026-09-12T17:22:20Z",
  "features": [
    {
      "type": "Feature",
      "properties": {
        "@id": "way/22981585",
        "name": "Pavana River",
        "name:mr": "पवना",
        "waterway": "river"
      },
      "geometry": {
        "type": "LineString",
        "coordinates": [
          [
            73.8031411,
            18.6029468
          ],
          [
            73.8039053,
            18.6029288
          ],
          [
            73.8044739,
            18.6028983
          ],
          [
            73.8056854,
            18.6030191
          ],
          [
            73.8077882,
            18.6028564
          ],
          [
            73.8085607,
            18.6029377
          ],
          [
            73.8092629,
            18.6031607
          ],
          [
            73.8094609,
            18.6038511
          ],
          [
            73.8095068,
            18.6043409
          ],
          [
            73.8096158,
            18.6048444
          ],
          [
            73.8100757,
            18.605242
          ],
          [
            73.8106153,
            18.6053967
          ],
          [
            73.810986,
            18.6053165
          ],
          [
            73.8115758,
            18.6049107
          ],
          [
            73.8123891,
            18.6047659
          ],
          [
            73.8136424,
            18.6051547
          ],
          [
            73.8147937,
            18.6052487
          ],
          [
            73.8159246,
            18.6052459
          ],
          [
            73.819547,
            18.6051747
          ],
          [
            73.820577,
            18.604646
          ],
          [
            73.8217899,
            18.602862
          ],
          [
            73.8212472,
            18.6019264
          ],
          [
            73.8209651,
            18.6008758
          ],
          [
            73.8196558,
            18.5994896
          ],
          [
            73.8186725,
            18.5981747
          ],
          [
            73.8183056,
            18.5973144
          ],
          [
            73.8185579,
            18.5958345
          ],
          [
            73.8191068,
            18.5948793
          ],
          [
            73.8201049,
            18.5944775
          ],
          [
            73.8210491,
            18.5945995
          ],
          [
            73.8221649,
            18.5946809
          ],
          [
            73.8231948,
            18.5945182
          ],
          [
            73.8240961,
            18.5941928
          ],
          [
            73.8256839,
            18.59342
          ],
          [
            73.8263277,
            18.5927285
          ],
          [
            73.8287309,
            18.5893524
          ],
          [
            73.8288652,
            18.5890631
          ],
          [
            73.829203,
            18.5883355
          ],
          [
            73.8286451,
            18.5871152
          ],
          [
            73.8273576,
            18.5852847
          ],
          [
            73.8261989,
            18.5834949
          ],
          [
            73.8255123,
            18.5815423
          ],
          [
            73.8249973,
            18.5810949
          ],
          [
            73.8235382,
            18.5806881
          ],
          [
            73.8212991,
            18.5798746
          ],
          [
            73.8207487,
            18.5789389
          ],
          [
            73.8203195,
            18.5780033
          ],
          [
            73.8207487,
            18.5775558
          ],
          [
            73.8216928,
            18.5767829
          ],
          [
            73.8237098,
            18.5755218
          ],
          [
            73.8244394,
            18.5753998
          ],
          [
            73.8249544,
            18.5755625
          ],
          [
            73.8253835,
            18.5759693
          ],
          [
            73.8264135,
            18.5762541
          ],
          [
            73.8275293,
            18.5765388
          ],
          [
            73.8285861,
            18.5764212
          ],
          [
            73.8289669,
            18.5760837
          ],
          [
            73.8298038,
            18.5747489
          ],
          [
            73.8304475,
            18.573976
          ],
          [
            73.8312629,
            18.5733658
          ],
          [
            73.83225,
            18.5732031
          ]
        ]
      },
      "id": "way/22981585"
    },
    {
      "type": "Feature",
      "properties": {
        "@id": "way/23016562",
        "name": "Mutha",
        "name:en": "Mutha",
        "name:gu": "મુઠા",
        "name:mr": "मुठा",
        "waterway": "river",
        "width": "100"
      },
      "geometry": {
        "type": "LineString",
        "coordinates": [
          [
            73.7634967,
            18.4428873
          ],
          [
            73.7634979,
            18.4429326
          ],
          [
            73.763843,
            18.44397
          ],
          [
            73.7647537,
            18.4447953
          ],
          [
            73.7650275,
            18.4450122
          ],
          [
            73.7662206,
            18.4457043
          ],
          [
            73.7671046,
            18.4458916
          ],
          [
            73.7681603,
            18.4462905
          ],
          [
            73.7695765,
            18.4466406
          ],
          [
            73.7701945,
            18.4466732
          ],
          [
            73.7703662,
            18.446893
          ],
          [
            73.7709155,
            18.4470966
          ],
          [
            73.7706752,
            18.4479841
          ],
          [
            73.7703318,
            18.4490018
          ],
          [
            73.770246,
            18.4497183
          ],
          [
            73.7703318,
            18.4514199
          ],
          [
            73.7705807,
            18.4529913
          ],
          [
            73.7706065,
            18.4538218
          ],
          [
            73.7712159,
            18.4551244
          ],
          [
            73.7716794,
            18.4561421
          ],
          [
            73.7724604,
            18.4575995
          ],
          [
            73.7732415,
            18.4583566
          ],
          [
            73.7740397,
            18.4589917
          ],
          [
            73.774898,
            18.4599361
          ],
          [
            73.7752156,
            18.4599361
          ],
          [
            73.775516,
            18.459871
          ],
          [
            73.7757821,
            18.4599524
          ],
          [
            73.7758679,
            18.4602129
          ],
          [
            73.7761082,
            18.4603594
          ],
          [
            73.7768721,
            18.4605141
          ],
          [
            73.7779193,
            18.4608235
          ],
          [
            73.7787432,
            18.4608642
          ],
          [
            73.7800135,
            18.4609538
          ],
          [
            73.7808032,
            18.4612794
          ],
          [
            73.7821336,
            18.4614097
          ],
          [
            73.7828288,
            18.461312
          ],
          [
            73.7835669,
            18.4616051
          ],
          [
            73.7837472,
            18.4618737
          ],
          [
            73.7839703,
            18.4623785
          ],
          [
            73.7842192,
            18.4626635
          ],
          [
            73.7846484,
            18.4628751
          ],
          [
            73.7850604,
            18.4628426
          ],
          [
            73.786159,
            18.4628588
          ],
          [
            73.7872405,
            18.4626879
          ],
          [
            73.7892575,
            18.4623215
          ],
          [
            73.7904162,
            18.4616295
          ],
          [
            73.7907166,
            18.4615888
          ],
          [
            73.7911715,
            18.4618737
          ],
          [
            73.7916798,
            18.4621027
          ],
          [
            73.7928582,
            18.4623867
          ],
          [
            73.7936877,
            18.4625305
          ],
          [
            73.7945361,
            18.4625983
          ],
          [
            73.7954116,
            18.4630542
          ],
          [
            73.7955661,
            18.4631682
          ],
          [
            73.7969823,
            18.464308
          ],
          [
            73.7976775,
            18.4645522
          ],
          [
            73.7979436,
            18.4647558
          ],
          [
            73.7991195,
            18.4660828
          ],
          [
            73.7994027,
            18.4665061
          ],
          [
            73.7998147,
            18.4667992
          ],
          [
            73.8006387,
            18.4672876
          ],
          [
            73.8026213,
            18.468232
          ],
          [
            73.8032737,
            18.4687368
          ],
          [
            73.8080371,
            18.4722387
          ],
          [
            73.8086603,
            18.472861
          ],
          [
            73.8089642,
            18.4732387
          ],
          [
            73.8091702,
            18.4737841
          ],
          [
            73.8092377,
            18.4740199
          ],
          [
            73.8093203,
            18.4743134
          ],
          [
            73.8095565,
            18.4748831
          ],
          [
            73.8103578,
            18.4764334
          ],
          [
            73.8112817,
            18.4782208
          ],
          [
            73.8115907,
            18.4787255
          ],
          [
            73.8118224,
            18.4789534
          ],
          [
            73.8123889,
            18.4793279
          ],
          [
            73.8129296,
            18.4795721
          ],
          [
            73.8144402,
            18.4801175
          ],
          [
            73.8176846,
            18.4817049
          ],
          [
            73.8198733,
            18.4825678
          ],
          [
            73.8208275,
            18.4827246
          ],
          [
            73.822373,
            18.4827199
          ],
          [
            73.82303,
            18.4826613
          ],
          [
            73.82357,
            18.4826931
          ],
          [
            73.823976,
            18.4827957
          ],
          [
            73.8250575,
            18.4833248
          ],
          [
            73.8258986,
            18.4842284
          ],
          [
            73.8268857,
            18.4864018
          ],
          [
            73.8272362,
            18.4873531
          ],
          [
            73.8281374,
            18.4891195
          ],
          [
            73.8284367,
            18.489496
          ],
          [
            73.8287704,
            18.4898994
          ],
          [
            73.8290829,
            18.4904312
          ],
          [
            73.8293803,
            18.4908264
          ],
          [
            73.8296866,
            18.4913763
          ],
          [
            73.8299318,
            18.4916831
          ],
          [
            73.8301362,
            18.491999
          ],
          [
            73.8303361,
            18.4922301
          ],
          [
            73.8305482,
            18.4926248
          ],
          [
            73.8311141,
            18.4934235
          ],
          [
            73.8316184,
            18.4941037
          ],
          [
            73.8321704,
            18.4949339
          ],
          [
            73.8327943,
            18.4957774
          ],
          [
            73.8334002,
            18.4964791
          ],
          [
            73.8343017,
            18.4970986
          ],
          [
            73.835153,
            18.4977991
          ],
          [
            73.8359453,
            18.4989086
          ],
          [
            73.8365043,
            18.5001509
          ],
          [
            73.8368932,
            18.5015672
          ],
          [
            73.8368578,
            18.5022235
          ],
          [
            73.8366802,
            18.50389
          ],
          [
            73.8365931,
            18.5048139
          ],
          [
            73.8365097,
            18.5057726
          ],
          [
            73.8365314,
            18.5060058
          ],
          [
            73.8367697,
            18.5065903
          ],
          [
            73.8369143,
            18.5068393
          ],
          [
            73.8369985,
            18.5070268
          ],
          [
            73.8372257,
            18.5075274
          ],
          [
            73.8375434,
            18.5078518
          ],
          [
            73.8383183,
            18.5085335
          ],
          [
            73.8385331,
            18.5087319
          ],
          [
            73.8386994,
            18.508887
          ],
          [
            73.8388161,
            18.5089975
          ],
          [
            73.8398289,
            18.5098684
          ],
          [
            73.8400184,
            18.5101134
          ],
          [
            73.840301,
            18.5104788
          ],
          [
            73.8409227,
            18.5114006
          ],
          [
            73.8412452,
            18.5118787
          ],
          [
            73.841537,
            18.5122694
          ],
          [
            73.8427349,
            18.5133192
          ],
          [
            73.8436533,
            18.5142145
          ],
          [
            73.8445881,
            18.5154548
          ],
          [
            73.844932,
            18.5159112
          ],
          [
            73.845675,
            18.5172967
          ],
          [
            73.8458132,
            18.5174812
          ],
          [
            73.845945,
            18.5176572
          ],
          [
            73.8462015,
            18.5179899
          ],
          [
            73.8465286,
            18.5184141
          ],
          [
            73.8477125,
            18.5195586
          ],
          [
            73.8487173,
            18.5205301
          ],
          [
            73.8489331,
            18.5206061
          ],
          [
            73.8499189,
            18.5209533
          ],
          [
            73.851042,
            18.5211127
          ],
          [
            73.8513523,
            18.5211568
          ],
          [
            73.8527256,
            18.5214253
          ],
          [
            73.8528308,
            18.5214612
          ],
          [
            73.8541399,
            18.5219075
          ],
          [
            73.8542534,
            18.5219462
          ],
          [
            73.855245,
            18.5225088
          ],
          [
            73.8553005,
            18.5225403
          ],
          [
            73.8564335,
            18.5235169
          ],
          [
            73.8580299,
            18.5250225
          ],
          [
            73.8584002,
            18.5254505
          ],
          [
            73.8586095,
            18.5257474
          ],
          [
            73.8588198,
            18.5259963
          ],
          [
            73.8592573,
            18.52652
          ],
          [
            73.8594241,
            18.5266883
          ],
          [
            73.8595175,
            18.5267825
          ],
          [
            73.8595803,
            18.5268361
          ],
          [
            73.8602873,
            18.5274396
          ],
          [
            73.8605086,
            18.5277745
          ],
          [
            73.8606907,
            18.52805
          ],
          [
            73.8607258,
            18.5287733
          ],
          [
            73.8607508,
            18.529287
          ],
          [
            73.8607131,
            18.5294997
          ],
          [
            73.8603474,
            18.5315656
          ]
        ]
      },
      "id": "way/23016562"
    },
    {
      "type": "Feature",
      "properties": {
        "@id": "way/23018049",
        "name": "Mula",
        "name:en": "Mula",
        "name:mr": "मुळा",
        "waterway": "river"
      },
      "geometry": {
        "type": "LineString",
        "coordinates": [
          [
            73.5109577,
            18.5312066
          ],
          [
            73.5119677,
            18.5295997
          ],
          [
            73.5126919,
            18.5285315
          ],
          [
            73.5131854,
            18.5278093
          ],
          [
            73.5134804,
            18.5275041
          ],
          [
            73.5136628,
            18.5274075
          ],
          [
            73.5138076,
            18.5273718
          ],
          [
            73.5140169,
            18.5273769
          ],
          [
            73.5142609,
            18.5274914
          ],
          [
            73.5144111,
            18.527766
          ],
          [
            73.5147679,
            18.5285392
          ],
          [
            73.5150871,
            18.5292614
          ],
          [
            73.5152373,
            18.5296429
          ],
          [
            73.5153311,
            18.5299608
          ],
          [
            73.5153735,
            18.530105
          ],
          [
            73.5154948,
            18.530327
          ],
          [
            73.5158703,
            18.5307924
          ],
          [
            73.5162377,
            18.5313672
          ],
          [
            73.5163343,
            18.5315706
          ],
          [
            73.5163772,
            18.5316469
          ],
          [
            73.516522,
            18.531802
          ],
          [
            73.5170987,
            18.532186
          ],
          [
            73.518118,
            18.5328981
          ],
          [
            73.5187858,
            18.5334067
          ],
          [
            73.5193384,
            18.5337348
          ],
          [
            73.5200652,
            18.5340985
          ],
          [
            73.520835,
            18.5344367
          ],
          [
            73.5217899,
            18.5346707
          ],
          [
            73.5224696,
            18.5347513
          ],
          [
            73.5228038,
            18.5347648
          ],
          [
            73.5232383,
            18.5347266
          ],
          [
            73.5237291,
            18.5346274
          ],
          [
            73.5240698,
            18.5345104
          ],
          [
            73.5246279,
            18.5343831
          ],
          [
            73.5249683,
            18.5342536
          ],
          [
            73.5254377,
            18.5340273
          ],
          [
            73.5268493,
            18.5332439
          ],
          [
            73.5278798,
            18.5330009
          ],
          [
            73.5292275,
            18.5332725
          ],
          [
            73.5320222,
            18.5336466
          ],
          [
            73.5331366,
            18.5337694
          ],
          [
            73.5341241,
            18.5342432
          ],
          [
            73.5370191,
            18.5341787
          ],
          [
            73.5381188,
            18.5340376
          ],
          [
            73.5386917,
            18.5341827
          ],
          [
            73.5402832,
            18.5344226
          ],
          [
            73.5419786,
            18.5352742
          ],
          [
            73.5436094,
            18.5359252
          ],
          [
            73.5468681,
            18.5358479
          ],
          [
            73.5486286,
            18.5350979
          ],
          [
            73.5500459,
            18.5341886
          ],
          [
            73.5517511,
            18.5335315
          ],
          [
            73.5529956,
            18.5329415
          ],
          [
            73.5536823,
            18.5325753
          ],
          [
            73.5545835,
            18.5323108
          ],
          [
            73.5555062,
            18.5323312
          ],
          [
            73.5564932,
            18.5325957
          ],
          [
            73.5579094,
            18.5340198
          ],
          [
            73.5589179,
            18.5353015
          ],
          [
            73.5590864,
            18.5354821
          ],
          [
            73.5603985,
            18.5368884
          ],
          [
            73.5610208,
            18.5375994
          ],
          [
            73.5632095,
            18.5386777
          ],
          [
            73.5643896,
            18.5394508
          ],
          [
            73.5655698,
            18.5402442
          ],
          [
            73.5662693,
            18.5404195
          ],
          [
            73.5669646,
            18.5408952
          ],
          [
            73.5681876,
            18.541241
          ],
          [
            73.5686164,
            18.5413564
          ],
          [
            73.5689853,
            18.5412423
          ],
          [
            73.5693282,
            18.5411139
          ],
          [
            73.5696232,
            18.5410396
          ],
          [
            73.5701746,
            18.5410118
          ],
          [
            73.5709185,
            18.5409199
          ],
          [
            73.5715238,
            18.5408404
          ],
          [
            73.5718427,
            18.5408856
          ],
          [
            73.5721202,
            18.5409865
          ],
          [
            73.5723577,
            18.5409845
          ],
          [
            73.5726954,
            18.5409455
          ],
          [
            73.5728399,
            18.5408316
          ],
          [
            73.5732037,
            18.540653
          ],
          [
            73.5735514,
            18.5405226
          ],
          [
            73.5740055,
            18.5402588
          ],
          [
            73.5742386,
            18.5401222
          ],
          [
            73.574427,
            18.5399729
          ],
          [
            73.5747018,
            18.5398023
          ],
          [
            73.5749321,
            18.5396213
          ],
          [
            73.5752683,
            18.5393933
          ],
          [
            73.5754668,
            18.5392979
          ],
          [
            73.5757637,
            18.5390382
          ],
          [
            73.5759786,
            18.538858
          ],
          [
            73.5763745,
            18.5386335
          ],
          [
            73.5769389,
            18.5384703
          ],
          [
            73.5775646,
            18.5381894
          ],
          [
            73.57838,
            18.5380674
          ],
          [
            73.5794529,
            18.5378029
          ],
          [
            73.5808223,
            18.5373925
          ],
          [
            73.5816148,
            18.5364563
          ],
          [
            73.5818068,
            18.5362295
          ],
          [
            73.5818347,
            18.5353605
          ],
          [
            73.5819635,
            18.5342619
          ],
          [
            73.582178,
            18.5328378
          ],
          [
            73.5826501,
            18.530317
          ],
          [
            73.5828306,
            18.5289158
          ],
          [
            73.583638,
            18.5278107
          ],
          [
            73.5843249,
            18.5274443
          ],
          [
            73.5846043,
            18.5271865
          ],
          [
            73.5848561,
            18.5271945
          ],
          [
            73.5854396,
            18.5275094
          ],
          [
            73.5856547,
            18.5275371
          ],
          [
            73.5859853,
            18.5277628
          ],
          [
            73.5861449,
            18.5280345
          ],
          [
            73.5863884,
            18.5282208
          ],
          [
            73.5866551,
            18.5282889
          ],
          [
            73.5867318,
            18.5282653
          ],
          [
            73.586949,
            18.5281983
          ],
          [
            73.5874124,
            18.5282729
          ],
          [
            73.5875551,
            18.5282958
          ],
          [
            73.5879692,
            18.5283543
          ],
          [
            73.5893017,
            18.5285837
          ],
          [
            73.5905388,
            18.5284865
          ],
          [
            73.5912356,
            18.5284692
          ],
          [
            73.592206,
            18.5284148
          ],
          [
            73.5940412,
            18.5281949
          ],
          [
            73.5949889,
            18.5281134
          ],
          [
            73.5960826,
            18.5279163
          ],
          [
            73.597336,
            18.5276936
          ],
          [
            73.5980533,
            18.5274993
          ],
          [
            73.5982217,
            18.52738
          ],
          [
            73.5982987,
            18.5271872
          ],
          [
            73.5984037,
            18.5270347
          ],
          [
            73.5986556,
            18.5265881
          ],
          [
            73.5988845,
            18.5263472
          ],
          [
            73.5992474,
            18.5261346
          ],
          [
            73.5997023,
            18.5259389
          ],
          [
            73.6002001,
            18.5257806
          ],
          [
            73.60069,
            18.5256618
          ],
          [
            73.6010992,
            18.5255898
          ],
          [
            73.6017595,
            18.5255355
          ],
          [
            73.6027477,
            18.5255856
          ],
          [
            73.6035442,
            18.5256578
          ],
          [
            73.6042022,
            18.5258027
          ],
          [
            73.6054227,
            18.5259548
          ],
          [
            73.6087834,
            18.526899
          ],
          [
            73.6099173,
            18.5277373
          ],
          [
            73.6102285,
            18.5280018
          ],
          [
            73.6111082,
            18.5289377
          ],
          [
            73.6117734,
            18.5298023
          ],
          [
            73.6122348,
            18.5305246
          ],
          [
            73.6127712,
            18.5318877
          ],
          [
            73.6137904,
            18.5334034
          ],
          [
            73.6144449,
            18.5343291
          ],
          [
            73.615153,
            18.5351022
          ],
          [
            73.6158826,
            18.5360787
          ],
          [
            73.6162366,
            18.5365975
          ],
          [
            73.6165585,
            18.5372079
          ],
          [
            73.6175455,
            18.5381742
          ],
          [
            73.6186115,
            18.5388519
          ],
          [
            73.6196377,
            18.539049
          ],
          [
            73.6213543,
            18.5390897
          ],
          [
            73.6237253,
            18.5387947
          ],
          [
            73.6249377,
            18.5384183
          ],
          [
            73.6258926,
            18.5380013
          ],
          [
            73.6269225,
            18.5374215
          ],
          [
            73.6276977,
            18.5372391
          ],
          [
            73.6283495,
            18.5370858
          ],
          [
            73.6295153,
            18.5365741
          ],
          [
            73.6307255,
            18.5366454
          ],
          [
            73.6325552,
            18.5371977
          ],
          [
            73.6339392,
            18.5376046
          ],
          [
            73.6342668,
            18.5376106
          ],
          [
            73.6344617,
            18.5376142
          ],
          [
            73.634819,
            18.5375639
          ],
          [
            73.6363961,
            18.5372994
          ],
          [
            73.6379411,
            18.537157
          ],
          [
            73.6394885,
            18.537224
          ],
          [
            73.6417069,
            18.5370553
          ],
          [
            73.6431231,
            18.5371061
          ],
          [
            73.6436166,
            18.5370756
          ],
          [
            73.6450543,
            18.5370451
          ],
          [
            73.6466529,
            18.5372485
          ],
          [
            73.648627,
            18.5374011
          ],
          [
            73.6505367,
            18.5377165
          ],
          [
            73.6514701,
            18.5379199
          ],
          [
            73.6529936,
            18.5377063
          ],
          [
            73.6540236,
            18.5373808
          ],
          [
            73.6554183,
            18.5372689
          ],
          [
            73.6571779,
            18.5374927
          ],
          [
            73.6577572,
            18.5375029
          ],
          [
            73.6598493,
            18.5373503
          ],
          [
            73.6605514,
            18.5372837
          ],
          [
            73.6609222,
            18.5372485
          ],
          [
            73.6621346,
            18.5372689
          ],
          [
            73.6650957,
            18.5372892
          ],
          [
            73.6654176,
            18.5367908
          ],
          [
            73.6654712,
            18.5363432
          ],
          [
            73.6657395,
            18.5361093
          ],
          [
            73.6663081,
            18.5360075
          ],
          [
            73.6675205,
            18.5357329
          ],
          [
            73.6686899,
            18.5356922
          ],
          [
            73.6697521,
            18.5360584
          ],
          [
            73.6708786,
            18.5363534
          ],
          [
            73.6726907,
            18.5365056
          ],
          [
            73.6735919,
            18.5367497
          ],
          [
            73.6742357,
            18.5371973
          ],
          [
            73.6749223,
            18.5375228
          ],
          [
            73.6756519,
            18.5380518
          ],
          [
            73.6765531,
            18.5383773
          ],
          [
            73.6772827,
            18.5387028
          ],
          [
            73.6781839,
            18.5387028
          ],
          [
            73.6788705,
            18.5384994
          ],
          [
            73.6798576,
            18.5382552
          ],
          [
            73.6807159,
            18.5380925
          ],
          [
            73.6824754,
            18.5380518
          ],
          [
            73.6835912,
            18.5378483
          ],
          [
            73.6843637,
            18.5374008
          ],
          [
            73.6850503,
            18.536587
          ],
          [
            73.6851791,
            18.5358953
          ],
          [
            73.6855224,
            18.5346339
          ],
          [
            73.6868528,
            18.5320298
          ],
          [
            73.6880115,
            18.5308904
          ],
          [
            73.689771,
            18.5300359
          ],
          [
            73.6911014,
            18.5296697
          ],
          [
            73.6921743,
            18.5297511
          ],
          [
            73.6932043,
            18.5299139
          ],
          [
            73.6945346,
            18.5301987
          ],
          [
            73.6953389,
            18.5303976
          ],
          [
            73.6955217,
            18.5304428
          ],
          [
            73.6963371,
            18.5307277
          ],
          [
            73.6971954,
            18.5310125
          ],
          [
            73.6974361,
            18.5311446
          ],
          [
            73.6980108,
            18.5314601
          ],
          [
            73.6987832,
            18.5320298
          ],
          [
            73.699427,
            18.5328436
          ],
          [
            73.7006286,
            18.5339422
          ],
          [
            73.7012294,
            18.534878
          ],
          [
            73.7014869,
            18.5360987
          ],
          [
            73.7012723,
            18.537889
          ],
          [
            73.7015298,
            18.5391097
          ],
          [
            73.701959,
            18.5398014
          ],
          [
            73.7020057,
            18.5408429
          ],
          [
            73.7023211,
            18.5418087
          ],
          [
            73.7024366,
            18.5422193
          ],
          [
            73.7025336,
            18.5425645
          ],
          [
            73.7028173,
            18.5435853
          ],
          [
            73.7030748,
            18.544155
          ],
          [
            73.7033323,
            18.5448873
          ],
          [
            73.7035898,
            18.5454976
          ],
          [
            73.7041477,
            18.54623
          ],
          [
            73.7045339,
            18.5467589
          ],
          [
            73.705006,
            18.5472471
          ],
          [
            73.7056926,
            18.5474913
          ],
          [
            73.7070659,
            18.5478574
          ],
          [
            73.7116149,
            18.5496476
          ],
          [
            73.7121728,
            18.5500545
          ],
          [
            73.712602,
            18.55038
          ],
          [
            73.7134603,
            18.5511937
          ],
          [
            73.7137607,
            18.5517633
          ],
          [
            73.7140182,
            18.5528211
          ],
          [
            73.7142328,
            18.5548147
          ],
          [
            73.7135032,
            18.5567675
          ],
          [
            73.7123037,
            18.5577329
          ],
          [
            73.7105012,
            18.5593195
          ],
          [
            73.7094692,
            18.5606324
          ],
          [
            73.7090829,
            18.5616902
          ],
          [
            73.7087825,
            18.5633989
          ],
          [
            73.7088254,
            18.5641312
          ],
          [
            73.7092546,
            18.5649855
          ],
          [
            73.7097696,
            18.5655144
          ],
          [
            73.7107137,
            18.5659212
          ],
          [
            73.7117008,
            18.5661246
          ],
          [
            73.7130311,
            18.5661246
          ],
          [
            73.7144903,
            18.5661246
          ],
          [
            73.7155631,
            18.5657991
          ],
          [
            73.7171081,
            18.5650669
          ],
          [
            73.7180788,
            18.5650352
          ],
          [
            73.7183526,
            18.5650262
          ],
          [
            73.7195316,
            18.5652303
          ],
          [
            73.720713,
            18.565433
          ],
          [
            73.7215284,
            18.5656364
          ],
          [
            73.7235025,
            18.5654737
          ],
          [
            73.7248758,
            18.5652296
          ],
          [
            73.726292,
            18.5649855
          ],
          [
            73.7271503,
            18.5649855
          ],
          [
            73.7280515,
            18.5651075
          ],
          [
            73.7287811,
            18.565311
          ],
          [
            73.7296823,
            18.5656771
          ],
          [
            73.7301114,
            18.5659212
          ],
          [
            73.7310127,
            18.567101
          ],
          [
            73.7316993,
            18.5674671
          ],
          [
            73.7342313,
            18.5696639
          ],
          [
            73.7348751,
            18.57003
          ],
          [
            73.7381366,
            18.5725929
          ],
          [
            73.7391237,
            18.5731217
          ],
          [
            73.7402824,
            18.5734879
          ],
          [
            73.7413553,
            18.5737319
          ],
          [
            73.7433063,
            18.5740532
          ],
          [
            73.7436577,
            18.5738831
          ],
          [
            73.7443792,
            18.5735338
          ],
          [
            73.7455337,
            18.5731885
          ],
          [
            73.7470626,
            18.5732952
          ],
          [
            73.7493375,
            18.5741794
          ],
          [
            73.7502817,
            18.5744642
          ],
          [
            73.7509254,
            18.5749117
          ],
          [
            73.7511829,
            18.5754812
          ],
          [
            73.7513975,
            18.57601
          ],
          [
            73.751655,
            18.5765388
          ],
          [
            73.7523416,
            18.5776779
          ],
          [
            73.7538436,
            18.5795491
          ],
          [
            73.7546161,
            18.5807288
          ],
          [
            73.7556461,
            18.5830067
          ],
          [
            73.7571481,
            18.5850406
          ],
          [
            73.7586072,
            18.5864236
          ],
          [
            73.7596801,
            18.5871558
          ],
          [
            73.7603239,
            18.5876033
          ],
          [
            73.761268,
            18.5881321
          ],
          [
            73.7622914,
            18.588426
          ],
          [
            73.7633708,
            18.5884982
          ],
          [
            73.7650016,
            18.5882948
          ],
          [
            73.7659887,
            18.5879287
          ],
          [
            73.7670616,
            18.5876846
          ],
          [
            73.7685207,
            18.5873592
          ],
          [
            73.7697652,
            18.5872372
          ],
          [
            73.770881,
            18.5874406
          ],
          [
            73.7718252,
            18.587644
          ],
          [
            73.7726835,
            18.58801
          ],
          [
            73.7733701,
            18.5882134
          ],
          [
            73.7740997,
            18.5883761
          ],
          [
            73.7747863,
            18.5885388
          ],
          [
            73.7760309,
            18.5882541
          ],
          [
            73.7769808,
            18.5877665
          ],
          [
            73.7777904,
            18.5869524
          ],
          [
            73.7782195,
            18.5865457
          ],
          [
            73.7784225,
            18.5859974
          ],
          [
            73.7790779,
            18.5842271
          ],
          [
            73.7802366,
            18.580444
          ],
          [
            73.7805799,
            18.5792643
          ],
          [
            73.7810371,
            18.5786451
          ],
          [
            73.7811444,
            18.5783197
          ],
          [
            73.7816099,
            18.5777999
          ],
          [
            73.7834123,
            18.5763354
          ],
          [
            73.7867168,
            18.5737319
          ],
          [
            73.7894634,
            18.572064
          ],
          [
            73.7898925,
            18.5711691
          ],
          [
            73.7900213,
            18.5704775
          ],
          [
            73.7899354,
            18.5695012
          ],
          [
            73.7898496,
            18.5688503
          ],
          [
            73.7896779,
            18.5684841
          ],
          [
            73.7892059,
            18.5680366
          ],
          [
            73.7886909,
            18.5678739
          ],
          [
            73.7882617,
            18.5668162
          ],
          [
            73.7881759,
            18.5660839
          ],
          [
            73.7884007,
            18.5651073
          ],
          [
            73.7887115,
            18.564571
          ],
          [
            73.7897317,
            18.5640147
          ],
          [
            73.7909225,
            18.5638057
          ],
          [
            73.7920999,
            18.5634599
          ],
          [
            73.7926218,
            18.5633603
          ],
          [
            73.7928995,
            18.5633517
          ],
          [
            73.7930766,
            18.5635729
          ],
          [
            73.7931778,
            18.563834
          ],
          [
            73.79319,
            18.5640705
          ],
          [
            73.7933312,
            18.564299
          ],
          [
            73.794069,
            18.5648799
          ],
          [
            73.7944874,
            18.5651138
          ],
          [
            73.7951778,
            18.565864
          ],
          [
            73.7954074,
            18.5661957
          ],
          [
            73.795688,
            18.5665607
          ],
          [
            73.796086,
            18.5669953
          ],
          [
            73.7964908,
            18.5673095
          ],
          [
            73.7974027,
            18.5677112
          ],
          [
            73.7991193,
            18.5687689
          ],
          [
            73.800278,
            18.5692164
          ],
          [
            73.8016942,
            18.5695825
          ],
          [
            73.8026813,
            18.5695825
          ],
          [
            73.8039688,
            18.5693384
          ],
          [
            73.8050416,
            18.569013
          ],
          [
            73.8070589,
            18.568516
          ],
          [
            73.8093468,
            18.5680225
          ],
          [
            73.8124871,
            18.5679029
          ],
          [
            73.813841,
            18.5681863
          ],
          [
            73.8169882,
            18.568845
          ],
          [
            73.8188604,
            18.5690537
          ],
          [
            73.8206199,
            18.5694198
          ],
          [
            73.8224653,
            18.5694605
          ],
          [
            73.8236669,
            18.5691757
          ],
          [
            73.8267997,
            18.5681587
          ],
          [
            73.8277009,
            18.5680773
          ],
          [
            73.8286022,
            18.5682807
          ],
          [
            73.8295463,
            18.5688096
          ],
          [
            73.8302329,
            18.5695418
          ],
          [
            73.8306621,
            18.5703961
          ],
          [
            73.8315633,
            18.5723081
          ],
          [
            73.83225,
            18.5732031
          ],
          [
            73.8355974,
            18.5751151
          ],
          [
            73.8358697,
            18.5751418
          ],
          [
            73.8368419,
            18.5752778
          ],
          [
            73.8381723,
            18.5751964
          ],
          [
            73.8437513,
            18.5728777
          ],
          [
            73.8451246,
            18.5724302
          ],
          [
            73.8466695,
            18.5725115
          ],
          [
            73.8492444,
            18.5735285
          ],
          [
            73.8506177,
            18.5743421
          ],
          [
            73.851476,
            18.5756846
          ],
          [
            73.8533214,
            18.5806474
          ],
          [
            73.854008,
            18.5814203
          ],
          [
            73.8557015,
            18.582328
          ],
          [
            73.8578043,
            18.5832229
          ],
          [
            73.8608593,
            18.5837008
          ],
          [
            73.8622246,
            18.5839144
          ],
          [
            73.8633833,
            18.583833
          ],
          [
            73.8645849,
            18.5833449
          ],
          [
            73.8651858,
            18.5828974
          ],
          [
            73.8657866,
            18.5822466
          ],
          [
            73.8664732,
            18.5811483
          ],
          [
            73.8673168,
            18.5799068
          ],
          [
            73.8693167,
            18.5781169
          ],
          [
            73.8698243,
            18.5775826
          ],
          [
            73.8701428,
            18.5772088
          ],
          [
            73.8725317,
            18.5752711
          ],
          [
            73.8732906,
            18.5739676
          ],
          [
            73.8730928,
            18.5729473
          ],
          [
            73.8729473,
            18.5723811
          ],
          [
            73.873222,
            18.5715837
          ],
          [
            73.8739123,
            18.5706768
          ],
          [
            73.8736769,
            18.5691104
          ],
          [
            73.8735858,
            18.5687875
          ],
          [
            73.8734794,
            18.5684106
          ],
          [
            73.873076,
            18.5677435
          ],
          [
            73.8728786,
            18.566702
          ],
          [
            73.8725181,
            18.5643669
          ],
          [
            73.8729473,
            18.562406
          ],
          [
            73.873119,
            18.5595419
          ],
          [
            73.873222,
            18.5573612
          ],
          [
            73.8724752,
            18.5560431
          ],
          [
            73.871574,
            18.5554328
          ],
          [
            73.8696686,
            18.5557583
          ],
          [
            73.8684841,
            18.5557013
          ],
          [
            73.8644501,
            18.5549039
          ],
          [
            73.8626905,
            18.5542123
          ],
          [
            73.8582874,
            18.5516491
          ],
          [
            73.8570515,
            18.5505913
          ],
          [
            73.8560816,
            18.5484593
          ],
          [
            73.8548113,
            18.544765
          ],
          [
            73.8543999,
            18.5435181
          ],
          [
            73.8541682,
            18.5411989
          ],
          [
            73.854425,
            18.5363833
          ],
          [
            73.8547855,
            18.5341861
          ],
          [
            73.8557812,
            18.5327538
          ],
          [
            73.8562069,
            18.5324113
          ],
          [
            73.8564558,
            18.532211
          ],
          [
            73.8569141,
            18.5318423
          ],
          [
            73.8581329,
            18.531354
          ],
          [
            73.8593603,
            18.5312727
          ],
          [
            73.8603474,
            18.5315656
          ]
        ]
      },
      "id": "way/23018049"
    },
    {
      "type": "Feature",
      "properties": {
        "@id": "way/41844307",
        "boat": "no",
        "name": "Mutha",
        "name:mr": "मुठा",
        "waterway": "river"
      },
      "geometry": {
        "type": "LineString",
        "coordinates": [
          [
            73.6124493,
            18.3868852
          ],
          [
            73.6154227,
            18.3857457
          ],
          [
            73.6158031,
            18.3856754
          ],
          [
            73.6167454,
            18.3857422
          ],
          [
            73.6172715,
            18.3859989
          ],
          [
            73.617616,
            18.3862379
          ],
          [
            73.618576,
            18.3865454
          ],
          [
            73.6198637,
            18.3873771
          ],
          [
            73.6229709,
            18.390664
          ],
          [
            73.6234914,
            18.3912342
          ],
          [
            73.6238233,
            18.3914596
          ],
          [
            73.6241935,
            18.391559
          ],
          [
            73.6245813,
            18.391506
          ],
          [
            73.6250528,
            18.3913237
          ],
          [
            73.6261465,
            18.3908333
          ],
          [
            73.6263104,
            18.3904988
          ],
          [
            73.6264462,
            18.3900422
          ],
          [
            73.62657,
            18.389101
          ],
          [
            73.6266095,
            18.3878635
          ],
          [
            73.6265916,
            18.3863101
          ],
          [
            73.6267951,
            18.3846768
          ]
        ]
      },
      "id": "way/41844307"
    },
    {
      "type": "Feature",
      "properties": {
        "@id": "way/42684952",
        "boat": "no",
        "name": "Pavana",
        "name:mr": "पवना",
        "source": "bing",
        "waterway": "river"
      },
      "geometry": {
        "type": "LineString",
        "coordinates": [
          [
            73.497674,
            18.6815606
          ],
          [
            73.4984153,
            18.6823096
          ],
          [
            73.4995271,
            18.6824617
          ],
          [
            73.5003054,
            18.6822745
          ],
          [
            73.5016149,
            18.6815021
          ],
          [
            73.504691,
            18.6793019
          ],
          [
            73.5055187,
            18.6788455
          ],
          [
            73.5060808,
            18.6778098
          ],
          [
            73.5071247,
            18.6763059
          ],
          [
            73.507798,
            18.6759723
          ],
          [
            73.5083786,
            18.6761596
          ],
          [
            73.5090581,
            18.6769496
          ],
          [
            73.5098549,
            18.6781257
          ],
          [
            73.5104788,
            18.6784066
          ],
          [
            73.5115042,
            18.6781667
          ],
          [
            73.5131411,
            18.6769496
          ],
          [
            73.5141479,
            18.676382
          ],
          [
            73.515025,
            18.6762591
          ],
          [
            73.5180888,
            18.6770725
          ],
          [
            73.5210537,
            18.6781784
          ],
          [
            73.5268538,
            18.6818181
          ],
          [
            73.527978,
            18.6821867
          ],
          [
            73.5291702,
            18.6832458
          ],
          [
            73.529374,
            18.6837725
          ],
          [
            73.5293431,
            18.684855
          ],
          [
            73.5288243,
            18.6864056
          ],
          [
            73.5288861,
            18.6869322
          ],
          [
            73.5294358,
            18.6874354
          ],
          [
            73.5304735,
            18.6878157
          ],
          [
            73.5339388,
            18.6882955
          ],
          [
            73.5340928,
            18.6883357
          ],
          [
            73.535866,
            18.6887987
          ],
          [
            73.5373423,
            18.6896296
          ],
          [
            73.5379661,
            18.6903844
          ],
          [
            73.5383615,
            18.6923036
          ],
          [
            73.5391151,
            18.6953052
          ],
          [
            73.539393,
            18.6962472
          ],
          [
            73.5392386,
            18.6967328
          ],
          [
            73.5391089,
            18.6975929
          ],
          [
            73.5393127,
            18.6978679
          ],
          [
            73.5396277,
            18.6978913
          ],
          [
            73.5405728,
            18.6979206
          ],
          [
            73.5428768,
            18.6974818
          ],
          [
            73.5437601,
            18.6970137
          ],
          [
            73.5449275,
            18.6959137
          ],
          [
            73.5461259,
            18.6953754
          ],
          [
            73.5481395,
            18.6949307
          ],
          [
            73.5503756,
            18.6943983
          ],
          [
            73.5511354,
            18.6945212
          ],
          [
            73.5535011,
            18.6956855
          ],
          [
            73.5546686,
            18.6970254
          ],
          [
            73.5568181,
            18.6994769
          ],
          [
            73.5582141,
            18.7023263
          ],
          [
            73.5587083,
            18.7031044
          ],
          [
            73.5593507,
            18.7034262
          ],
          [
            73.5602587,
            18.7032682
          ],
          [
            73.5631371,
            18.7017763
          ],
          [
            73.5639957,
            18.7013316
          ],
          [
            73.5646505,
            18.7013901
          ],
          [
            73.5650149,
            18.7018524
          ],
          [
            73.5654535,
            18.7030167
          ],
          [
            73.5660403,
            18.7036778
          ],
          [
            73.5663986,
            18.7038241
          ],
          [
            73.5670904,
            18.7038065
          ],
          [
            73.5676463,
            18.7038533
          ],
          [
            73.5681652,
            18.7036485
          ],
          [
            73.5682825,
            18.7029933
          ],
          [
            73.5687087,
            18.7017295
          ],
          [
            73.5694067,
            18.7003604
          ],
          [
            73.5703271,
            18.6988801
          ],
          [
            73.5724705,
            18.6970078
          ],
          [
            73.5734279,
            18.6963818
          ],
          [
            73.5742741,
            18.6961243
          ],
          [
            73.5751883,
            18.696019
          ],
          [
            73.5757875,
            18.6962648
          ],
          [
            73.5765349,
            18.6968323
          ],
          [
            73.5772974,
            18.6971978
          ],
          [
            73.5777517,
            18.697628
          ],
          [
            73.5780137,
            18.6979052
          ],
          [
            73.5783632,
            18.6979797
          ],
          [
            73.5785597,
            18.6978308
          ],
          [
            73.5786252,
            18.6974005
          ],
          [
            73.5790183,
            18.6966641
          ],
          [
            73.5796211,
            18.6958987
          ],
          [
            73.5800229,
            18.6957497
          ],
          [
            73.5806431,
            18.6959897
          ],
          [
            73.582661,
            18.6971522
          ],
          [
            73.5831458,
            18.697235
          ],
          [
            73.5836831,
            18.6969785
          ],
          [
            73.5843557,
            18.6960352
          ],
          [
            73.5854826,
            18.6946947
          ],
          [
            73.5862295,
            18.6939045
          ],
          [
            73.5869764,
            18.6934039
          ],
          [
            73.5876359,
            18.6932673
          ],
          [
            73.5881426,
            18.6937845
          ],
          [
            73.5892389,
            18.694914
          ],
          [
            73.5902478,
            18.6956794
          ],
          [
            73.5910122,
            18.6958076
          ],
          [
            73.5916935,
            18.6953691
          ],
          [
            73.5919949,
            18.6945292
          ],
          [
            73.5929689,
            18.6928826
          ],
          [
            73.5936184,
            18.6923675
          ],
          [
            73.5945326,
            18.6918772
          ],
          [
            73.5952445,
            18.6919061
          ],
          [
            73.5957075,
            18.6923406
          ],
          [
            73.5965548,
            18.6934701
          ],
          [
            73.5965417,
            18.6939624
          ],
          [
            73.5966378,
            18.6946782
          ],
          [
            73.5971445,
            18.6957042
          ],
          [
            73.5976948,
            18.6962214
          ],
          [
            73.5981447,
            18.696271
          ],
          [
            73.599075,
            18.6960972
          ],
          [
            73.5998044,
            18.6960848
          ],
          [
            73.6003591,
            18.695609
          ],
          [
            73.6007173,
            18.6950422
          ],
          [
            73.6006911,
            18.694343
          ],
          [
            73.6009226,
            18.6938217
          ],
          [
            73.6013463,
            18.6927419
          ],
          [
            73.601901,
            18.6922785
          ],
          [
            73.6029623,
            18.6915462
          ],
          [
            73.6036,
            18.6912855
          ],
          [
            73.6046221,
            18.6911324
          ],
          [
            73.6057358,
            18.6913559
          ],
          [
            73.6074786,
            18.6916041
          ],
          [
            73.6080595,
            18.6919765
          ],
          [
            73.6090946,
            18.6924026
          ],
          [
            73.6102128,
            18.6932301
          ],
          [
            73.6128728,
            18.6951333
          ],
          [
            73.6134842,
            18.695427
          ],
          [
            73.6145325,
            18.695245
          ],
          [
            73.6165417,
            18.694492
          ],
          [
            73.6206389,
            18.6933008
          ],
          [
            73.6211313,
            18.6932979
          ],
          [
            73.6215637,
            18.6935934
          ],
          [
            73.6222154,
            18.6940556
          ],
          [
            73.6228701,
            18.6943365
          ],
          [
            73.6242136,
            18.6947724
          ],
          [
            73.6257115,
            18.6950883
          ],
          [
            73.6268666,
            18.6951878
          ],
          [
            73.6281267,
            18.6950913
          ],
          [
            73.6292478,
            18.6948089
          ],
          [
            73.6311521,
            18.6944117
          ],
          [
            73.6325061,
            18.6937911
          ],
          [
            73.6352062,
            18.6934184
          ],
          [
            73.636257,
            18.6935032
          ],
          [
            73.6380765,
            18.6938332
          ],
          [
            73.639247,
            18.6937761
          ],
          [
            73.6410281,
            18.6931291
          ],
          [
            73.6428406,
            18.6929046
          ],
          [
            73.6449226,
            18.6934947
          ],
          [
            73.6458958,
            18.6939331
          ],
          [
            73.6483345,
            18.6969127
          ],
          [
            73.64954,
            18.6975663
          ],
          [
            73.6504747,
            18.697616
          ],
          [
            73.6512259,
            18.6973181
          ],
          [
            73.651453,
            18.6968382
          ],
          [
            73.6513366,
            18.6957762
          ],
          [
            73.6507705,
            18.6942109
          ],
          [
            73.6508535,
            18.6928939
          ],
          [
            73.6516531,
            18.6915725
          ],
          [
            73.6526434,
            18.6909907
          ],
          [
            73.6537767,
            18.6908473
          ],
          [
            73.6550084,
            18.6911618
          ],
          [
            73.6576028,
            18.6922706
          ],
          [
            73.6583017,
            18.6923947
          ],
          [
            73.6589481,
            18.6922789
          ],
          [
            73.6594897,
            18.6917741
          ],
          [
            73.6604272,
            18.6911562
          ],
          [
            73.6618939,
            18.6908817
          ],
          [
            73.6629031,
            18.69115
          ],
          [
            73.6631988,
            18.6914547
          ],
          [
            73.6631981,
            18.6921819
          ],
          [
            73.6628267,
            18.6932344
          ],
          [
            73.6624914,
            18.6955981
          ],
          [
            73.6625298,
            18.6964587
          ],
          [
            73.6629278,
            18.6969753
          ],
          [
            73.6636354,
            18.6973062
          ],
          [
            73.6642759,
            18.6974153
          ],
          [
            73.6651555,
            18.6972947
          ],
          [
            73.6677935,
            18.6965036
          ],
          [
            73.6692345,
            18.6962422
          ],
          [
            73.6698671,
            18.6958848
          ],
          [
            73.6715811,
            18.6942494
          ],
          [
            73.6721176,
            18.6935413
          ],
          [
            73.6726504,
            18.6931276
          ],
          [
            73.6763805,
            18.6927138
          ],
          [
            73.6789225,
            18.6920601
          ],
          [
            73.6798406,
            18.6914503
          ],
          [
            73.6800275,
            18.6913261
          ],
          [
            73.6804179,
            18.6906074
          ],
          [
            73.6806156,
            18.6894372
          ],
          [
            73.6803191,
            18.6877228
          ],
          [
            73.680455,
            18.6869562
          ],
          [
            73.6810356,
            18.6862014
          ],
          [
            73.6827682,
            18.6843378
          ],
          [
            73.6844854,
            18.6823951
          ],
          [
            73.6848869,
            18.6814325
          ],
          [
            73.6847379,
            18.6801381
          ],
          [
            73.6839967,
            18.679313
          ],
          [
            73.682823,
            18.6783124
          ],
          [
            73.6802164,
            18.6753515
          ],
          [
            73.6797346,
            18.6743216
          ],
          [
            73.6799199,
            18.673356
          ],
          [
            73.6804696,
            18.6720979
          ],
          [
            73.6811244,
            18.6709275
          ],
          [
            73.6821745,
            18.6702019
          ],
          [
            73.6836878,
            18.6700439
          ],
          [
            73.6845217,
            18.6704477
          ],
          [
            73.6851147,
            18.6710446
          ],
          [
            73.6861709,
            18.6718229
          ],
          [
            73.6877399,
            18.6725543
          ],
          [
            73.6884502,
            18.6727006
          ],
          [
            73.6891729,
            18.6723846
          ],
          [
            73.6915449,
            18.6711031
          ],
          [
            73.6939724,
            18.6695757
          ],
          [
            73.6947816,
            18.6694763
          ],
          [
            73.6957452,
            18.669605
          ],
          [
            73.697715,
            18.6695265
          ],
          [
            73.6986715,
            18.669121
          ],
          [
            73.6994446,
            18.6683886
          ],
          [
            73.6997766,
            18.6676644
          ],
          [
            73.6995538,
            18.6669113
          ],
          [
            73.6987418,
            18.6655475
          ],
          [
            73.6973962,
            18.662565
          ],
          [
            73.6970293,
            18.6612904
          ],
          [
            73.6970031,
            18.6595938
          ],
          [
            73.6972484,
            18.6583228
          ],
          [
            73.697731,
            18.6579092
          ],
          [
            73.698811,
            18.6579471
          ],
          [
            73.6994447,
            18.6581951
          ],
          [
            73.7005715,
            18.6588737
          ],
          [
            73.7013927,
            18.6589937
          ],
          [
            73.7033057,
            18.6587703
          ],
          [
            73.7053979,
            18.6582282
          ],
          [
            73.7062889,
            18.6583689
          ],
          [
            73.707062,
            18.6589027
          ],
          [
            73.7085978,
            18.6597569
          ],
          [
            73.7098949,
            18.6600495
          ],
          [
            73.7106899,
            18.6600536
          ],
          [
            73.7113774,
            18.6598974
          ],
          [
            73.7121804,
            18.659476
          ],
          [
            73.713225,
            18.6577163
          ],
          [
            73.714317,
            18.6564087
          ],
          [
            73.7162563,
            18.6552168
          ],
          [
            73.7168232,
            18.6549955
          ],
          [
            73.7188856,
            18.6541905
          ],
          [
            73.7201174,
            18.6533132
          ],
          [
            73.7212879,
            18.6518234
          ],
          [
            73.7226021,
            18.6484345
          ],
          [
            73.7232321,
            18.6476736
          ],
          [
            73.7242204,
            18.6472464
          ],
          [
            73.7278055,
            18.6464696
          ],
          [
            73.7299575,
            18.6455567
          ]
        ]
      },
      "id": "way/42684952"
    },
    {
      "type": "Feature",
      "properties": {
        "@id": "way/52880515",
        "name": "Mula-Mutha",
        "name:mr": "मुळा-मुठा",
        "waterway": "river"
      },
      "geometry": {
        "type": "LineString",
        "coordinates": [
          [
            73.8603474,
            18.5315656
          ],
          [
            73.8613087,
            18.5322655
          ],
          [
            73.8617006,
            18.5327457
          ],
          [
            73.8622785,
            18.5334536
          ],
          [
            73.8634373,
            18.5353009
          ],
          [
            73.8648105,
            18.5371319
          ],
          [
            73.865995,
            18.5380678
          ],
          [
            73.8682009,
            18.5391257
          ],
          [
            73.8695484,
            18.5395895
          ],
          [
            73.8713165,
            18.5400778
          ],
          [
            73.8719789,
            18.5402889
          ],
          [
            73.8793754,
            18.5426456
          ],
          [
            73.8833494,
            18.5431583
          ],
          [
            73.887701,
            18.5437604
          ],
          [
            73.8916921,
            18.5438093
          ],
          [
            73.8948249,
            18.5427107
          ],
          [
            73.9007043,
            18.5412866
          ],
          [
            73.9017429,
            18.5409774
          ],
          [
            73.90279,
            18.5410425
          ],
          [
            73.9036054,
            18.5408147
          ],
          [
            73.9038046,
            18.5408422
          ],
          [
            73.9061374,
            18.5411646
          ],
          [
            73.9094951,
            18.5408058
          ],
          [
            73.9106366,
            18.539992
          ],
          [
            73.914911,
            18.5394956
          ],
          [
            73.9155118,
            18.5398455
          ],
          [
            73.915838,
            18.539813
          ],
          [
            73.9177137,
            18.5391569
          ],
          [
            73.9224176,
            18.5391225
          ],
          [
            73.9236547,
            18.5390495
          ],
          [
            73.9250271,
            18.5384069
          ],
          [
            73.9303999,
            18.5365184
          ],
          [
            73.9335756,
            18.5361115
          ],
          [
            73.9348957,
            18.5359049
          ],
          [
            73.936995,
            18.5356738
          ],
          [
            73.938257,
            18.5358057
          ],
          [
            73.9397031,
            18.5364337
          ],
          [
            73.9405048,
            18.5373982
          ],
          [
            73.943532,
            18.543354
          ],
          [
            73.9448195,
            18.5445747
          ],
          [
            73.9462786,
            18.5451443
          ],
          [
            73.9481669,
            18.5453884
          ],
          [
            73.9498021,
            18.5454901
          ],
          [
            73.9536432,
            18.545729
          ],
          [
            73.9560761,
            18.5463845
          ],
          [
            73.9579644,
            18.5467185
          ],
          [
            73.9595093,
            18.546682
          ],
          [
            73.9606123,
            18.5463649
          ],
          [
            73.9618998,
            18.5452256
          ],
          [
            73.9649038,
            18.5438423
          ],
          [
            73.9672213,
            18.5431913
          ],
          [
            73.9695387,
            18.5430285
          ],
          [
            73.9715986,
            18.5419707
          ],
          [
            73.9734869,
            18.5409128
          ],
          [
            73.9745169,
            18.5391225
          ],
          [
            73.9758043,
            18.5347281
          ],
          [
            73.9770918,
            18.5331005
          ],
          [
            73.9786367,
            18.5311474
          ],
          [
            73.9846449,
            18.5271597
          ],
          [
            73.9899664,
            18.5243113
          ],
          [
            73.9917688,
            18.5221139
          ],
          [
            73.9922918,
            18.5200427
          ],
          [
            73.9923697,
            18.5173122
          ],
          [
            73.9915215,
            18.5130719
          ],
          [
            73.991867,
            18.5102009
          ],
          [
            73.9936244,
            18.5081152
          ],
          [
            73.995223,
            18.5070266
          ],
          [
            73.9955511,
            18.5068902
          ],
          [
            73.9958578,
            18.5068963
          ],
          [
            73.9978472,
            18.5071711
          ],
          [
            73.9986674,
            18.5072036
          ],
          [
            74.0011244,
            18.5068943
          ],
          [
            74.0029649,
            18.506351
          ],
          [
            74.0060205,
            18.505879
          ],
          [
            74.0099649,
            18.505592
          ],
          [
            74.0126257,
            18.5056734
          ],
          [
            74.0142216,
            18.5051505
          ],
          [
            74.0162343,
            18.5037607
          ],
          [
            74.0183764,
            18.5008712
          ],
          [
            74.0194922,
            18.4991619
          ],
          [
            74.0217238,
            18.49672
          ],
          [
            74.0243845,
            18.4954177
          ],
          [
            74.0261186,
            18.4956356
          ],
          [
            74.0262674,
            18.4956543
          ],
          [
            74.0275361,
            18.4965898
          ],
          [
            74.0290252,
            18.4974404
          ],
          [
            74.030736,
            18.4986735
          ],
          [
            74.0320229,
            18.5013087
          ],
          [
            74.0333109,
            18.5040456
          ],
          [
            74.0341692,
            18.5054292
          ],
          [
            74.035499,
            18.5071243
          ],
          [
            74.0362929,
            18.5087582
          ],
          [
            74.0366534,
            18.5127382
          ],
          [
            74.0378229,
            18.5161239
          ],
          [
            74.0395765,
            18.5186144
          ],
          [
            74.0412931,
            18.5225209
          ],
          [
            74.0409557,
            18.524877
          ],
          [
            74.0396682,
            18.5264212
          ],
          [
            74.0377741,
            18.5282991
          ],
          [
            74.037509,
            18.5298692
          ],
          [
            74.0373909,
            18.5309069
          ],
          [
            74.0371978,
            18.5319445
          ],
          [
            74.0369564,
            18.5329922
          ],
          [
            74.0369725,
            18.533511
          ],
          [
            74.0370637,
            18.5340501
          ],
          [
            74.0372032,
            18.5346096
          ],
          [
            74.0373748,
            18.534986
          ],
          [
            74.0376055,
            18.535281
          ],
          [
            74.0379435,
            18.5355963
          ],
          [
            74.0382761,
            18.5357947
          ],
          [
            74.038952,
            18.5359219
          ],
          [
            74.0395957,
            18.5359778
          ],
          [
            74.040615,
            18.5359524
          ],
          [
            74.0413392,
            18.535871
          ],
          [
            74.0420312,
            18.5357489
          ],
          [
            74.0432596,
            18.5354844
          ],
          [
            74.0442628,
            18.5351742
          ],
          [
            74.0451693,
            18.534747
          ],
          [
            74.0456682,
            18.5343604
          ],
          [
            74.0465748,
            18.5333635
          ],
          [
            74.0478784,
            18.5317359
          ],
          [
            74.0487957,
            18.5305915
          ],
          [
            74.0493858,
            18.5299099
          ],
          [
            74.0500134,
            18.5292792
          ],
          [
            74.0506732,
            18.5286689
          ],
          [
            74.0512258,
            18.5283027
          ],
          [
            74.0517729,
            18.5280026
          ],
          [
            74.0521914,
            18.5278907
          ],
          [
            74.0529799,
            18.5277635
          ],
          [
            74.055056,
            18.5275346
          ],
          [
            74.0566975,
            18.5274583
          ],
          [
            74.0589458,
            18.5276318
          ],
          [
            74.0609306,
            18.5281913
          ],
          [
            74.0633597,
            18.5287792
          ],
          [
            74.0660124,
            18.5298453
          ],
          [
            74.0685095,
            18.5307385
          ],
          [
            74.069915,
            18.532714
          ],
          [
            74.0712481,
            18.5353791
          ],
          [
            74.0726214,
            18.5370067
          ],
          [
            74.0745955,
            18.538146
          ],
          [
            74.0763121,
            18.5382274
          ],
          [
            74.0776854,
            18.5373322
          ],
          [
            74.0793161,
            18.5372508
          ],
          [
            74.0819999,
            18.5370657
          ],
          [
            74.0842637,
            18.5350862
          ],
          [
            74.0855383,
            18.533245
          ],
          [
            74.0875559,
            18.5309846
          ],
          [
            74.089015,
            18.5294384
          ],
          [
            74.0900594,
            18.5280448
          ],
          [
            74.0919584,
            18.5263296
          ],
          [
            74.093233,
            18.5252737
          ],
          [
            74.0955204,
            18.5242991
          ],
          [
            74.0977134,
            18.5239634
          ],
          [
            74.0998506,
            18.52376
          ],
          [
            74.1018896,
            18.5237416
          ],
          [
            74.1088091,
            18.5234812
          ]
        ]
      },
      "id": "way/52880515"
    },
    {
      "type": "Feature",
      "properties": {
        "@id": "way/91658390",
        "name": "Ramnadi",
        "name:en": "Ramnadi",
        "name:hi": "रामनदी",
        "name:mr": "रामनदी",
        "waterway": "river"
      },
      "geometry": {
        "type": "LineString",
        "coordinates": [
          [
            73.7899041,
            18.5340111
          ],
          [
            73.790131,
            18.5341342
          ],
          [
            73.7902668,
            18.5342462
          ],
          [
            73.7904075,
            18.5345083
          ],
          [
            73.7905045,
            18.5347014
          ],
          [
            73.7905772,
            18.534936
          ],
          [
            73.7905578,
            18.5351337
          ],
          [
            73.790553,
            18.5353591
          ],
          [
            73.7905319,
            18.5354687
          ],
          [
            73.790544,
            18.5355768
          ],
          [
            73.7905973,
            18.535701
          ],
          [
            73.7908205,
            18.5359056
          ],
          [
            73.7909781,
            18.5360436
          ],
          [
            73.7911406,
            18.536216
          ],
          [
            73.7912133,
            18.5363402
          ],
          [
            73.7912909,
            18.536515
          ],
          [
            73.7913394,
            18.5366782
          ],
          [
            73.7914077,
            18.5368197
          ],
          [
            73.7914971,
            18.5369472
          ],
          [
            73.7915257,
            18.5371045
          ],
          [
            73.7914947,
            18.5372071
          ],
          [
            73.7915141,
            18.5372944
          ],
          [
            73.7915795,
            18.537437
          ],
          [
            73.791645,
            18.5375267
          ],
          [
            73.7917081,
            18.5376029
          ],
          [
            73.7918124,
            18.5378118
          ],
          [
            73.791936,
            18.5379382
          ],
          [
            73.7920943,
            18.5380505
          ],
          [
            73.7922338,
            18.5381929
          ],
          [
            73.7922982,
            18.5382743
          ],
          [
            73.7923411,
            18.5383964
          ],
          [
            73.7923733,
            18.5385082
          ],
          [
            73.7924269,
            18.5386303
          ],
          [
            73.792502,
            18.5387625
          ],
          [
            73.7926308,
            18.5388541
          ],
          [
            73.7928561,
            18.5391287
          ],
          [
            73.7930278,
            18.5393729
          ],
          [
            73.7930804,
            18.5396487
          ],
          [
            73.7931474,
            18.5398292
          ],
          [
            73.7932745,
            18.5400849
          ],
          [
            73.7934234,
            18.5402815
          ],
          [
            73.7935326,
            18.5403666
          ],
          [
            73.7936212,
            18.5404283
          ],
          [
            73.7937825,
            18.5405273
          ],
          [
            73.7938885,
            18.5405486
          ],
          [
            73.7940096,
            18.5405379
          ],
          [
            73.7940866,
            18.5405117
          ],
          [
            73.7941859,
            18.540497
          ],
          [
            73.7943166,
            18.5404837
          ],
          [
            73.7944654,
            18.5404816
          ],
          [
            73.7946371,
            18.5404918
          ],
          [
            73.7948838,
            18.540563
          ],
          [
            73.7950101,
            18.5406017
          ],
          [
            73.7951254,
            18.5406626
          ],
          [
            73.7952808,
            18.540749
          ],
          [
            73.7953881,
            18.5408071
          ],
          [
            73.7955812,
            18.5409597
          ],
          [
            73.7957314,
            18.5410716
          ],
          [
            73.7958651,
            18.5412446
          ],
          [
            73.795908,
            18.5413691
          ],
          [
            73.7959187,
            18.5414936
          ],
          [
            73.7958356,
            18.5415902
          ],
          [
            73.795715,
            18.5415597
          ],
          [
            73.7955598,
            18.5415293
          ],
          [
            73.795388,
            18.5415368
          ],
          [
            73.7951683,
            18.5416232
          ],
          [
            73.7949375,
            18.5418243
          ],
          [
            73.7948386,
            18.5419662
          ],
          [
            73.7946644,
            18.5421458
          ],
          [
            73.7944749,
            18.5423237
          ],
          [
            73.7943536,
            18.5425429
          ],
          [
            73.7942929,
            18.5427172
          ],
          [
            73.794238,
            18.5429113
          ],
          [
            73.7943005,
            18.5430658
          ],
          [
            73.794418,
            18.5431215
          ],
          [
            73.7945298,
            18.5431539
          ],
          [
            73.7947122,
            18.5432179
          ],
          [
            73.7949053,
            18.5432484
          ],
          [
            73.795123,
            18.5432689
          ],
          [
            73.7953903,
            18.5433605
          ],
          [
            73.7956082,
            18.5434935
          ],
          [
            73.7958924,
            18.5435942
          ],
          [
            73.7961713,
            18.5436146
          ],
          [
            73.7963215,
            18.5436451
          ],
          [
            73.7964907,
            18.5437522
          ],
          [
            73.7966354,
            18.5439581
          ],
          [
            73.7965925,
            18.5442198
          ],
          [
            73.7965041,
            18.5443824
          ],
          [
            73.7962789,
            18.5445222
          ],
          [
            73.7960082,
            18.5446314
          ],
          [
            73.7958394,
            18.5447483
          ],
          [
            73.7957992,
            18.5449313
          ],
          [
            73.7958581,
            18.545099
          ],
          [
            73.7960136,
            18.5452387
          ],
          [
            73.7962786,
            18.5453336
          ],
          [
            73.7967292,
            18.545537
          ],
          [
            73.7970618,
            18.5457201
          ],
          [
            73.7972442,
            18.5458117
          ],
          [
            73.7975681,
            18.5459401
          ],
          [
            73.7977128,
            18.5460468
          ],
          [
            73.7978021,
            18.5463508
          ],
          [
            73.7978879,
            18.546544
          ],
          [
            73.7979952,
            18.5467881
          ],
          [
            73.7980918,
            18.5470018
          ],
          [
            73.7981561,
            18.5471035
          ],
          [
            73.7982409,
            18.5472284
          ],
          [
            73.7983507,
            18.5474291
          ],
          [
            73.7984136,
            18.5475714
          ],
          [
            73.7983909,
            18.5477722
          ],
          [
            73.7983615,
            18.5479907
          ],
          [
            73.7983814,
            18.548202
          ],
          [
            73.7984311,
            18.5484023
          ],
          [
            73.7984553,
            18.5488851
          ],
          [
            73.7984982,
            18.5490833
          ],
          [
            73.7984982,
            18.5493171
          ],
          [
            73.7985357,
            18.5495636
          ],
          [
            73.7985531,
            18.5498905
          ],
          [
            73.7985437,
            18.5500946
          ],
          [
            73.7984794,
            18.5503437
          ],
          [
            73.7983922,
            18.5506228
          ],
          [
            73.7983615,
            18.5507451
          ],
          [
            73.7983561,
            18.5509001
          ],
          [
            73.7983493,
            18.5510703
          ],
          [
            73.79834,
            18.5513677
          ],
          [
            73.7982596,
            18.5517386
          ],
          [
            73.7981883,
            18.5519553
          ],
          [
            73.7981025,
            18.5520977
          ],
          [
            73.7979523,
            18.5522299
          ],
          [
            73.797845,
            18.5523723
          ],
          [
            73.7977179,
            18.5525773
          ],
          [
            73.7975781,
            18.5528004
          ],
          [
            73.7975017,
            18.5530538
          ],
          [
            73.7975016,
            18.5532041
          ],
          [
            73.7975231,
            18.5533996
          ],
          [
            73.7976197,
            18.5536742
          ],
          [
            73.7976197,
            18.5539285
          ],
          [
            73.7977055,
            18.5542336
          ],
          [
            73.7978235,
            18.5544472
          ],
          [
            73.7979308,
            18.5546099
          ],
          [
            73.7980621,
            18.5547624
          ],
          [
            73.7983814,
            18.5550677
          ],
          [
            73.7985625,
            18.5552338
          ],
          [
            73.7986711,
            18.5553321
          ],
          [
            73.7988321,
            18.5554643
          ],
          [
            73.7990037,
            18.5555864
          ],
          [
            73.7991861,
            18.5557288
          ],
          [
            73.7992398,
            18.5559017
          ],
          [
            73.7991754,
            18.5560949
          ],
          [
            73.7990466,
            18.5562577
          ],
          [
            73.7988321,
            18.556339
          ],
          [
            73.7986478,
            18.5563677
          ],
          [
            73.7984009,
            18.5563474
          ],
          [
            73.7980892,
            18.5563737
          ],
          [
            73.7978986,
            18.5565323
          ],
          [
            73.7977801,
            18.5567351
          ],
          [
            73.7977263,
            18.5569607
          ],
          [
            73.7976858,
            18.5571461
          ],
          [
            73.7976484,
            18.5573538
          ],
          [
            73.7976446,
            18.5575351
          ],
          [
            73.7976423,
            18.5576865
          ],
          [
            73.7976026,
            18.5578599
          ],
          [
            73.7975231,
            18.5580885
          ],
          [
            73.7974159,
            18.5582919
          ],
          [
            73.7973515,
            18.5584139
          ],
          [
            73.7972325,
            18.5586209
          ],
          [
            73.7971529,
            18.5589371
          ],
          [
            73.7970582,
            18.5591958
          ],
          [
            73.7969065,
            18.5594042
          ],
          [
            73.7967322,
            18.5595444
          ],
          [
            73.7963322,
            18.5598684
          ],
          [
            73.796064,
            18.5600311
          ],
          [
            73.7957422,
            18.5601023
          ],
          [
            73.7955383,
            18.5601938
          ],
          [
            73.7954525,
            18.5603362
          ],
          [
            73.79547,
            18.5605361
          ],
          [
            73.7955534,
            18.5607194
          ],
          [
            73.7957391,
            18.5608415
          ],
          [
            73.7958831,
            18.5608919
          ],
          [
            73.7959571,
            18.5609503
          ],
          [
            73.7960104,
            18.5610075
          ],
          [
            73.7960384,
            18.5611138
          ],
          [
            73.7960073,
            18.5612434
          ],
          [
            73.7959183,
            18.5614908
          ],
          [
            73.7958076,
            18.5616287
          ],
          [
            73.7956349,
            18.5617296
          ],
          [
            73.7954488,
            18.5618121
          ],
          [
            73.7953063,
            18.5619331
          ],
          [
            73.7951868,
            18.5620714
          ],
          [
            73.7950701,
            18.562255
          ],
          [
            73.7949697,
            18.5624327
          ],
          [
            73.7947929,
            18.5627976
          ],
          [
            73.7947793,
            18.5629031
          ],
          [
            73.7948114,
            18.5630086
          ],
          [
            73.7949201,
            18.5631115
          ],
          [
            73.7954569,
            18.5633632
          ],
          [
            73.7957914,
            18.5635858
          ],
          [
            73.7959582,
            18.5637591
          ],
          [
            73.7960989,
            18.5639748
          ],
          [
            73.7961929,
            18.5642613
          ],
          [
            73.7962096,
            18.5644691
          ],
          [
            73.7962227,
            18.5647052
          ],
          [
            73.7961856,
            18.5649584
          ],
          [
            73.796125,
            18.5652854
          ],
          [
            73.7960151,
            18.5655944
          ],
          [
            73.7958545,
            18.5658654
          ],
          [
            73.7958022,
            18.5660208
          ],
          [
            73.795688,
            18.5665607
          ]
        ]
      },
      "id": "way/91658390"
    },
    {
      "type": "Feature",
      "properties": {
        "@id": "way/147256194",
        "name": "Mutha",
        "name:mr": "मुठा",
        "waterway": "river"
      },
      "geometry": {
        "type": "LineString",
        "coordinates": [
          [
            73.6107816,
            18.3793861
          ],
          [
            73.6111908,
            18.3797107
          ],
          [
            73.6120249,
            18.3803725
          ],
          [
            73.6125224,
            18.3805005
          ],
          [
            73.6129159,
            18.3804444
          ],
          [
            73.6131903,
            18.3803947
          ],
          [
            73.613701,
            18.3802602
          ],
          [
            73.614097,
            18.3801472
          ],
          [
            73.614295,
            18.3801078
          ],
          [
            73.6144826,
            18.3801276
          ],
          [
            73.6146338,
            18.3802178
          ],
          [
            73.6156473,
            18.3810907
          ],
          [
            73.6163105,
            18.3817341
          ],
          [
            73.6164962,
            18.3820138
          ],
          [
            73.6165434,
            18.3821565
          ],
          [
            73.6166436,
            18.3823802
          ],
          [
            73.6167261,
            18.3825425
          ],
          [
            73.6167733,
            18.3827355
          ],
          [
            73.6167379,
            18.3828754
          ],
          [
            73.6166053,
            18.3830432
          ],
          [
            73.616396,
            18.3833677
          ],
          [
            73.6163518,
            18.3835831
          ],
          [
            73.6163753,
            18.3838321
          ],
          [
            73.616449,
            18.3839943
          ],
          [
            73.6166347,
            18.3842293
          ],
          [
            73.6168676,
            18.3843999
          ],
          [
            73.6170649,
            18.3844563
          ],
          [
            73.6190188,
            18.3846701
          ],
          [
            73.620491,
            18.3846842
          ],
          [
            73.6214642,
            18.3845869
          ],
          [
            73.6216918,
            18.3845242
          ],
          [
            73.6218974,
            18.3844676
          ],
          [
            73.623085,
            18.384035
          ],
          [
            73.6243216,
            18.3834566
          ],
          [
            73.6246045,
            18.3833439
          ],
          [
            73.6248001,
            18.3833173
          ],
          [
            73.6249888,
            18.3833853
          ],
          [
            73.6250988,
            18.3834947
          ],
          [
            73.6255529,
            18.3841693
          ],
          [
            73.625752,
            18.3843565
          ],
          [
            73.6260294,
            18.3845503
          ],
          [
            73.6267951,
            18.3846768
          ]
        ]
      },
      "id": "way/147256194"
    },
    {
      "type": "Feature",
      "properties": {
        "@id": "way/202924881",
        "boat": "no",
        "name": "Indrayani",
        "name:mr": "इंद्रायणी",
        "waterway": "river"
      },
      "geometry": {
        "type": "LineString",
        "coordinates": [
          [
            73.6793935,
            18.7582606
          ],
          [
            73.6802861,
            18.7579599
          ],
          [
            73.6816852,
            18.7570415
          ],
          [
            73.6831014,
            18.7562532
          ],
          [
            73.6844747,
            18.7560662
          ],
          [
            73.6868608,
            18.7562938
          ],
          [
            73.68844,
            18.7561963
          ],
          [
            73.6917531,
            18.7553023
          ],
          [
            73.6952464,
            18.7537581
          ],
          [
            73.696975,
            18.7530255
          ],
          [
            73.6999811,
            18.7510532
          ],
          [
            73.7038677,
            18.7476169
          ],
          [
            73.7086557,
            18.7435493
          ],
          [
            73.7126039,
            18.7385099
          ],
          [
            73.7132905,
            18.7363153
          ],
          [
            73.7126897,
            18.7333891
          ],
          [
            73.7121747,
            18.7314383
          ],
          [
            73.7108014,
            18.7294875
          ],
          [
            73.7102865,
            18.7282682
          ],
          [
            73.7096857,
            18.7268863
          ],
          [
            73.7093423,
            18.7254232
          ],
          [
            73.7099431,
            18.7224968
          ],
          [
            73.7116598,
            18.7192452
          ],
          [
            73.7134622,
            18.7155871
          ],
          [
            73.7136163,
            18.7137991
          ],
          [
            73.7123708,
            18.7124365
          ],
          [
            73.7116598,
            18.7115224
          ],
          [
            73.7119172,
            18.7094901
          ],
          [
            73.7125181,
            18.7077828
          ],
          [
            73.7130118,
            18.7064628
          ],
          [
            73.7140953,
            18.7050027
          ],
          [
            73.7156939,
            18.7046528
          ],
          [
            73.7169382,
            18.7050593
          ],
          [
            73.7199853,
            18.7057504
          ],
          [
            73.7231182,
            18.7064412
          ],
          [
            73.7265085,
            18.7068886
          ],
          [
            73.7285292,
            18.7073764
          ],
          [
            73.729863,
            18.7074136
          ],
          [
            73.7313369,
            18.7068375
          ],
          [
            73.7340144,
            18.7051149
          ],
          [
            73.7375276,
            18.702423
          ],
          [
            73.7392597,
            18.7017865
          ],
          [
            73.7420531,
            18.7018936
          ],
          [
            73.7433708,
            18.7023854
          ],
          [
            73.7441543,
            18.7032885
          ],
          [
            73.7441973,
            18.7047676
          ],
          [
            73.7440179,
            18.7056691
          ],
          [
            73.7440179,
            18.7078641
          ],
          [
            73.7446187,
            18.7104656
          ],
          [
            73.7452196,
            18.7117663
          ],
          [
            73.7466787,
            18.7133109
          ],
          [
            73.7487386,
            18.715018
          ],
          [
            73.7495969,
            18.7167252
          ],
          [
            73.7501119,
            18.71892
          ],
          [
            73.7513994,
            18.7203833
          ],
          [
            73.7532018,
            18.7212774
          ],
          [
            73.7542318,
            18.7213587
          ],
          [
            73.7555192,
            18.7209523
          ],
          [
            73.7573217,
            18.7188387
          ],
          [
            73.7589525,
            18.7181884
          ],
          [
            73.7614416,
            18.7177007
          ],
          [
            73.7635873,
            18.7184323
          ],
          [
            73.7644456,
            18.7193265
          ],
          [
            73.7649606,
            18.7202207
          ],
          [
            73.7653039,
            18.7216839
          ],
          [
            73.7658189,
            18.7235535
          ],
          [
            73.7665914,
            18.7252606
          ],
          [
            73.7668489,
            18.7272928
          ],
          [
            73.7664197,
            18.7287559
          ],
          [
            73.7664197,
            18.7311945
          ],
          [
            73.7663591,
            18.7340619
          ],
          [
            73.7668441,
            18.7359197
          ],
          [
            73.7673084,
            18.7359974
          ],
          [
            73.7675151,
            18.736032
          ],
          [
            73.7691513,
            18.7369972
          ],
          [
            73.770096,
            18.7375148
          ],
          [
            73.7711742,
            18.7379182
          ],
          [
            73.7724628,
            18.738126
          ],
          [
            73.7734579,
            18.7376971
          ],
          [
            73.7744111,
            18.7364721
          ],
          [
            73.7753659,
            18.7347347
          ],
          [
            73.7757468,
            18.7340997
          ],
          [
            73.7763208,
            18.7336983
          ],
          [
            73.7773937,
            18.7332563
          ],
          [
            73.7787777,
            18.7325553
          ],
          [
            73.7798828,
            18.7318389
          ],
          [
            73.7819481,
            18.7304723
          ],
          [
            73.7831336,
            18.729568
          ],
          [
            73.7836717,
            18.7289185
          ],
          [
            73.7844104,
            18.7277188
          ],
          [
            73.7851882,
            18.7263928
          ],
          [
            73.7859231,
            18.7249957
          ],
          [
            73.7868994,
            18.7235274
          ],
          [
            73.787334,
            18.7224707
          ],
          [
            73.7875646,
            18.7216527
          ],
          [
            73.7876022,
            18.720916
          ],
          [
            73.7875432,
            18.7203114
          ],
          [
            73.7874359,
            18.7194426
          ],
          [
            73.7873447,
            18.7184163
          ],
          [
            73.7873822,
            18.7178473
          ],
          [
            73.7874949,
            18.7171868
          ],
          [
            73.7878007,
            18.7163688
          ],
          [
            73.7882727,
            18.7154644
          ],
          [
            73.7888628,
            18.7148446
          ],
          [
            73.7905043,
            18.7133356
          ],
          [
            73.7921083,
            18.7118164
          ],
          [
            73.7936962,
            18.7100991
          ],
          [
            73.7956488,
            18.7083055
          ],
          [
            73.7976229,
            18.7059885
          ],
          [
            73.7984705,
            18.704891
          ],
          [
            73.7985671,
            18.704515
          ],
          [
            73.7987602,
            18.7041746
          ],
          [
            73.7993771,
            18.7034937
          ],
          [
            73.8000262,
            18.7028281
          ],
          [
            73.8005841,
            18.7024013
          ],
          [
            73.8013083,
            18.7020405
          ],
          [
            73.8019091,
            18.7017712
          ],
          [
            73.8025206,
            18.7016543
          ],
          [
            73.8043569,
            18.7016855
          ],
          [
            73.8050866,
            18.7022231
          ],
          [
            73.8059019,
            18.7028237
          ],
          [
            73.807361,
            18.7040432
          ],
          [
            73.8096036,
            18.7048019
          ],
          [
            73.8097642,
            18.7048562
          ],
          [
            73.8097988,
            18.7048501
          ],
          [
            73.8111375,
            18.7046123
          ],
          [
            73.8131116,
            18.7030676
          ],
          [
            73.8139699,
            18.7004661
          ],
          [
            73.8149141,
            18.6973766
          ],
          [
            73.8146566,
            18.6951815
          ],
          [
            73.8144849,
            18.6922546
          ],
          [
            73.8145708,
            18.6890837
          ],
          [
            73.8158593,
            18.686931
          ],
          [
            73.8181069,
            18.6855513
          ],
          [
            73.8195489,
            18.6855876
          ],
          [
            73.8216089,
            18.6869698
          ],
          [
            73.8249563,
            18.6881081
          ],
          [
            73.827617,
            18.6894903
          ],
          [
            73.8314794,
            18.6903033
          ],
          [
            73.8336252,
            18.6900594
          ],
          [
            73.8358478,
            18.6895824
          ],
          [
            73.8378309,
            18.6886772
          ],
          [
            73.8405775,
            18.6877829
          ],
          [
            73.8427232,
            18.6875253
          ],
          [
            73.8436909,
            18.687898
          ],
          [
            73.8446115,
            18.6882707
          ],
          [
            73.8459078,
            18.6891807
          ],
          [
            73.8468832,
            18.6894312
          ],
          [
            73.8491605,
            18.6895107
          ],
          [
            73.8500031,
            18.6894043
          ],
          [
            73.8508456,
            18.6890744
          ],
          [
            73.8526796,
            18.6877016
          ],
          [
            73.8537954,
            18.6867259
          ],
          [
            73.8555528,
            18.6845175
          ],
          [
            73.8568242,
            18.6826391
          ],
          [
            73.8571198,
            18.6822025
          ],
          [
            73.8591169,
            18.6807091
          ],
          [
            73.8607477,
            18.6803026
          ],
          [
            73.861606,
            18.6803839
          ],
          [
            73.8622926,
            18.6809531
          ],
          [
            73.8635886,
            18.68291
          ],
          [
            73.8652666,
            18.6851351
          ],
          [
            73.8669818,
            18.6864454
          ],
          [
            73.8687299,
            18.6875389
          ],
          [
            73.8704465,
            18.6877016
          ],
          [
            73.872249,
            18.6873763
          ],
          [
            73.8755105,
            18.686482
          ],
          [
            73.8777421,
            18.685425
          ],
          [
            73.8796304,
            18.6840428
          ],
          [
            73.8811754,
            18.6824166
          ],
          [
            73.8822912,
            18.6806278
          ],
          [
            73.8833211,
            18.6790016
          ],
          [
            73.8851444,
            18.6779983
          ],
          [
            73.8870977,
            18.6778633
          ],
          [
            73.8901018,
            18.6778633
          ],
          [
            73.89302,
            18.6774567
          ],
          [
            73.8943601,
            18.6770334
          ],
          [
            73.8953374,
            18.6767249
          ],
          [
            73.8964532,
            18.675424
          ],
          [
            73.8967107,
            18.6737977
          ],
          [
            73.8974832,
            18.6718462
          ],
          [
            73.8984042,
            18.67042
          ],
          [
            73.8989943,
            18.6694671
          ],
          [
            73.8996971,
            18.6681254
          ],
          [
            73.9005929,
            18.6664889
          ],
          [
            73.9008558,
            18.6657317
          ],
          [
            73.9013386,
            18.6645627
          ],
          [
            73.9016658,
            18.6640138
          ],
          [
            73.9026689,
            18.6632413
          ],
          [
            73.9039564,
            18.6621435
          ],
          [
            73.9046913,
            18.6614981
          ],
          [
            73.9058769,
            18.660385
          ],
          [
            73.9064294,
            18.6598005
          ],
          [
            73.9065989,
            18.6596466
          ],
          [
            73.9070785,
            18.659211
          ],
          [
            73.9072502,
            18.6589569
          ],
          [
            73.9077276,
            18.658845
          ],
          [
            73.908315,
            18.6587231
          ],
          [
            73.9091036,
            18.6586265
          ],
          [
            73.9099967,
            18.6587891
          ],
          [
            73.9109221,
            18.6588425
          ],
          [
            73.9116248,
            18.6587815
          ],
          [
            73.9127406,
            18.658596
          ],
          [
            73.9135829,
            18.6582656
          ],
          [
            73.914468,
            18.6578031
          ],
          [
            73.9156616,
            18.6570458
          ],
          [
            73.9158623,
            18.6568894
          ],
          [
            73.9166754,
            18.6562555
          ],
          [
            73.917456,
            18.6554245
          ],
          [
            73.9179522,
            18.6547511
          ],
          [
            73.9185154,
            18.6539048
          ],
          [
            73.9191055,
            18.6530941
          ],
          [
            73.9194703,
            18.6525325
          ],
          [
            73.9199746,
            18.6521615
          ],
          [
            73.9204359,
            18.6519632
          ],
          [
            73.9214659,
            18.6516532
          ],
          [
            73.9222866,
            18.6514906
          ],
          [
            73.9235178,
            18.651516
          ],
          [
            73.9246765,
            18.6515592
          ],
          [
            73.9260471,
            18.6516989
          ],
          [
            73.926385,
            18.6519023
          ],
          [
            73.9266372,
            18.6520827
          ],
          [
            73.9269805,
            18.6525096
          ],
          [
            73.9271119,
            18.6531018
          ],
          [
            73.9275598,
            18.6538133
          ],
          [
            73.9279944,
            18.6543877
          ],
          [
            73.9287561,
            18.6551297
          ],
          [
            73.9310145,
            18.6567663
          ],
          [
            73.9318192,
            18.6578489
          ],
          [
            73.9321679,
            18.6580979
          ],
          [
            73.9331029,
            18.6592422
          ],
          [
            73.9333481,
            18.6596125
          ],
          [
            73.9337933,
            18.6601106
          ],
          [
            73.9341366,
            18.6604054
          ],
          [
            73.9346409,
            18.6607459
          ],
          [
            73.9356226,
            18.6613253
          ],
          [
            73.9365345,
            18.6616302
          ],
          [
            73.9375001,
            18.6617014
          ],
          [
            73.9385961,
            18.6616818
          ],
          [
            73.9393777,
            18.6613964
          ],
          [
            73.9400268,
            18.6610407
          ],
          [
            73.940751,
            18.6603393
          ],
          [
            73.9412445,
            18.6596582
          ],
          [
            73.9417718,
            18.6589982
          ],
          [
            73.9419311,
            18.6585401
          ],
          [
            73.941915,
            18.6578946
          ],
          [
            73.9417219,
            18.6569594
          ],
          [
            73.9416093,
            18.6563546
          ],
          [
            73.9414698,
            18.654159
          ],
          [
            73.9414285,
            18.6519233
          ],
          [
            73.9411265,
            18.6493914
          ],
          [
            73.9410835,
            18.648141
          ],
          [
            73.941223,
            18.6471499
          ],
          [
            73.9415878,
            18.6465857
          ],
          [
            73.9421403,
            18.6458944
          ],
          [
            73.9428484,
            18.6452947
          ],
          [
            73.9436263,
            18.6447101
          ],
          [
            73.9445758,
            18.6443594
          ],
          [
            73.9460349,
            18.6438867
          ],
          [
            73.9476067,
            18.6434546
          ],
          [
            73.9516997,
            18.6423771
          ],
          [
            73.953191,
            18.6417722
          ],
          [
            73.9550149,
            18.6407607
          ],
          [
            73.9555567,
            18.6403286
          ],
          [
            73.9565599,
            18.6394086
          ],
          [
            73.9576918,
            18.6385343
          ],
          [
            73.9589095,
            18.6377871
          ],
          [
            73.9599609,
            18.6370907
          ],
          [
            73.9617419,
            18.6362622
          ],
          [
            73.9629543,
            18.6359063
          ],
          [
            73.9637268,
            18.6357691
          ],
          [
            73.9642525,
            18.6357183
          ],
          [
            73.9650357,
            18.6359165
          ],
          [
            73.965776,
            18.6359724
          ],
          [
            73.966307,
            18.6359521
          ],
          [
            73.9667523,
            18.635825
          ],
          [
            73.9671975,
            18.6353523
          ],
          [
            73.9679325,
            18.634295
          ],
          [
            73.9684582,
            18.6334766
          ],
          [
            73.9685816,
            18.6330699
          ],
          [
            73.968485,
            18.6321498
          ],
          [
            73.9682597,
            18.6309654
          ],
          [
            73.9680237,
            18.6305486
          ],
          [
            73.967911,
            18.6303249
          ],
          [
            73.9675462,
            18.6302029
          ],
          [
            73.9670742,
            18.630086
          ],
          [
            73.9664304,
            18.6295218
          ],
          [
            73.9658028,
            18.6289982
          ],
          [
            73.9646977,
            18.6273766
          ],
          [
            73.9642525,
            18.6266802
          ],
          [
            73.9636517,
            18.625572
          ],
          [
            73.9630777,
            18.6243163
          ],
          [
            73.9628148,
            18.623503
          ],
          [
            73.9628309,
            18.6226947
          ],
          [
            73.9630026,
            18.6218762
          ],
          [
            73.9633352,
            18.621068
          ],
          [
            73.9635283,
            18.6206816
          ],
          [
            73.963936,
            18.6199648
          ],
          [
            73.9643007,
            18.6194717
          ],
          [
            73.9648211,
            18.6192023
          ],
          [
            73.9653468,
            18.6190752
          ],
          [
            73.9658672,
            18.6191158
          ],
          [
            73.9665645,
            18.6192124
          ],
          [
            73.967573,
            18.6191362
          ],
          [
            73.9686245,
            18.6189278
          ],
          [
            73.9694291,
            18.6189583
          ],
          [
            73.9699334,
            18.6191108
          ],
          [
            73.9701855,
            18.6192328
          ],
          [
            73.9704966,
            18.6194768
          ],
          [
            73.9708614,
            18.6203359
          ],
          [
            73.9713764,
            18.620946
          ],
          [
            73.9718217,
            18.6212815
          ],
          [
            73.9724493,
            18.6217746
          ],
          [
            73.9749062,
            18.6228625
          ],
          [
            73.9764941,
            18.6236148
          ],
          [
            73.977626,
            18.6240469
          ],
          [
            73.9782268,
            18.6243723
          ],
          [
            73.9791602,
            18.6252212
          ],
          [
            73.9799327,
            18.6262226
          ],
          [
            73.9807105,
            18.62728
          ],
          [
            73.9817244,
            18.6290999
          ],
          [
            73.9821123,
            18.6306154
          ],
          [
            73.9827131,
            18.6325674
          ],
          [
            73.9835594,
            18.6349299
          ],
          [
            73.984258,
            18.6366339
          ],
          [
            73.984773,
            18.6396431
          ],
          [
            73.9850305,
            18.642083
          ],
          [
            73.9849447,
            18.6443601
          ],
          [
            73.984773,
            18.6465559
          ],
          [
            73.9838289,
            18.6477758
          ],
          [
            73.9803098,
            18.6492396
          ],
          [
            73.9784215,
            18.6502968
          ],
          [
            73.9776491,
            18.6515167
          ],
          [
            73.9775632,
            18.6536311
          ],
          [
            73.9783357,
            18.6551762
          ],
          [
            73.9796232,
            18.6556641
          ],
          [
            73.9803956,
            18.65664
          ],
          [
            73.9809965,
            18.6578598
          ],
          [
            73.9822839,
            18.6595675
          ],
          [
            73.983743,
            18.6596488
          ],
          [
            73.9864896,
            18.6602993
          ],
          [
            73.9882921,
            18.6611125
          ],
          [
            73.9896654,
            18.662251
          ],
          [
            73.9902662,
            18.6637147
          ],
          [
            73.9901803,
            18.6648531
          ],
          [
            73.9894937,
            18.6664795
          ],
          [
            73.9868474,
            18.6695026
          ],
          [
            73.9853239,
            18.6710781
          ],
          [
            73.9843439,
            18.6722528
          ],
          [
            73.9838326,
            18.6727908
          ],
          [
            73.983264,
            18.6738529
          ],
          [
            73.9829706,
            18.6746922
          ],
          [
            73.9829706,
            18.6768062
          ],
          [
            73.983221,
            18.6781116
          ],
          [
            73.9839147,
            18.6790829
          ],
          [
            73.9846872,
            18.6796521
          ],
          [
            73.9865684,
            18.6801392
          ],
          [
            73.987754,
            18.680185
          ],
          [
            73.9888269,
            18.6798547
          ],
          [
            73.991434,
            18.6790263
          ],
          [
            73.9924371,
            18.6786096
          ],
          [
            73.9931291,
            18.6780252
          ],
          [
            73.9938104,
            18.6773442
          ],
          [
            73.9941537,
            18.6761246
          ],
          [
            73.9944541,
            18.6749913
          ],
          [
            73.9947653,
            18.6739901
          ],
          [
            73.995232,
            18.6726637
          ],
          [
            73.9957684,
            18.6717388
          ],
          [
            73.9969164,
            18.6707224
          ]
        ]
      },
      "id": "way/202924881"
    },
    {
      "type": "Feature",
      "properties": {
        "@id": "way/206488878",
        "boat": "no",
        "name": "Mutha",
        "name:mr": "मुठा",
        "waterway": "river"
      },
      "geometry": {
        "type": "LineString",
        "coordinates": [
          [
            73.6720904,
            18.3969069
          ],
          [
            73.6747348,
            18.3960774
          ],
          [
            73.6758935,
            18.3952019
          ],
          [
            73.6781895,
            18.3936239
          ],
          [
            73.6796164,
            18.393064
          ],
          [
            73.680625,
            18.3928502
          ],
          [
            73.6831784,
            18.3929011
          ],
          [
            73.6876738,
            18.393685
          ],
          [
            73.690002,
            18.3941737
          ],
          [
            73.6917078,
            18.3941126
          ],
          [
            73.6928987,
            18.3938173
          ],
          [
            73.694154,
            18.3936748
          ],
          [
            73.6953235,
            18.3940922
          ],
          [
            73.696965,
            18.3950187
          ],
          [
            73.6985743,
            18.3971362
          ],
          [
            73.6995935,
            18.3989076
          ],
          [
            73.7008595,
            18.3994166
          ],
          [
            73.7025225,
            18.3994574
          ],
          [
            73.7068999,
            18.398928
          ],
          [
            73.7101293,
            18.3989789
          ],
          [
            73.7130153,
            18.3993148
          ],
          [
            73.715204,
            18.4004754
          ],
          [
            73.7184763,
            18.4035193
          ],
          [
            73.7198388,
            18.4051175
          ],
          [
            73.7219632,
            18.406838
          ],
          [
            73.7253106,
            18.4083955
          ],
          [
            73.7275743,
            18.4090063
          ],
          [
            73.7340331,
            18.410126
          ],
          [
            73.7377453,
            18.4116428
          ],
          [
            73.7408566,
            18.4134955
          ],
          [
            73.7433243,
            18.4165494
          ],
          [
            73.7450194,
            18.4223922
          ],
          [
            73.7464356,
            18.426647
          ],
          [
            73.7478518,
            18.4287845
          ],
          [
            73.7504267,
            18.4309831
          ],
          [
            73.7539458,
            18.4328763
          ],
          [
            73.7591815,
            18.4337516
          ],
          [
            73.760941,
            18.4343827
          ],
          [
            73.7614989,
            18.4353598
          ],
          [
            73.7634967,
            18.4428873
          ]
        ]
      },
      "id": "way/206488878"
    },
    {
      "type": "Feature",
      "properties": {
        "@id": "way/206488886",
        "waterway": "river"
      },
      "geometry": {
        "type": "LineString",
        "coordinates": [
          [
            73.4613919,
            18.4388356
          ],
          [
            73.4615904,
            18.4390646
          ],
          [
            73.46232,
            18.4394107
          ],
          [
            73.4624916,
            18.4393699
          ],
          [
            73.4628135,
            18.4392478
          ],
          [
            73.4633499,
            18.4387796
          ],
          [
            73.4638381,
            18.4385506
          ],
          [
            73.4643477,
            18.4385761
          ],
          [
            73.4646052,
            18.4387593
          ],
          [
            73.4648359,
            18.4389628
          ],
          [
            73.4648895,
            18.4392224
          ],
          [
            73.4648627,
            18.4394972
          ],
          [
            73.4649056,
            18.4396956
          ],
          [
            73.4650183,
            18.4397923
          ],
          [
            73.4651309,
            18.4397974
          ],
          [
            73.4652865,
            18.4397211
          ],
          [
            73.4657156,
            18.4396346
          ],
          [
            73.4660697,
            18.4395735
          ],
          [
            73.4665042,
            18.439431
          ],
          [
            73.4671694,
            18.4394412
          ],
          [
            73.4675771,
            18.4393598
          ],
          [
            73.4681833,
            18.4390748
          ],
          [
            73.4685695,
            18.4389781
          ],
          [
            73.4687895,
            18.4390188
          ],
          [
            73.4689236,
            18.4391613
          ],
          [
            73.4690469,
            18.4393292
          ],
          [
            73.4690523,
            18.4395226
          ],
          [
            73.4691006,
            18.4397211
          ],
          [
            73.469224,
            18.4398687
          ],
          [
            73.4698141,
            18.4399297
          ],
          [
            73.4702218,
            18.4400722
          ],
          [
            73.4706187,
            18.440174
          ],
          [
            73.4708601,
            18.4403318
          ],
          [
            73.4709942,
            18.4405964
          ],
          [
            73.471241,
            18.4409373
          ],
          [
            73.4715629,
            18.4411867
          ],
          [
            73.4718955,
            18.441202
          ],
          [
            73.4722441,
            18.4414819
          ],
          [
            73.4725553,
            18.4417668
          ],
          [
            73.4726465,
            18.4421383
          ],
          [
            73.4727162,
            18.4426116
          ],
          [
            73.47314,
            18.4429424
          ],
          [
            73.4735262,
            18.4430951
          ],
          [
            73.473694,
            18.4430714
          ],
          [
            73.4738588,
            18.4430594
          ],
          [
            73.4743202,
            18.4431612
          ],
          [
            73.4747332,
            18.4431765
          ],
          [
            73.475216,
            18.4436396
          ],
          [
            73.4754521,
            18.4440619
          ],
          [
            73.4753823,
            18.4444589
          ],
          [
            73.4753716,
            18.4447998
          ],
          [
            73.4754682,
            18.4450543
          ],
          [
            73.4758222,
            18.4452273
          ],
          [
            73.4767771,
            18.4452985
          ],
          [
            73.4772894,
            18.445357
          ],
          [
            73.4777856,
            18.4453978
          ],
          [
            73.478153,
            18.4453774
          ],
          [
            73.478381,
            18.4453265
          ],
          [
            73.478538,
            18.4453479
          ],
          [
            73.4787565,
            18.4454461
          ],
          [
            73.4788638,
            18.4455733
          ],
          [
            73.4790516,
            18.4460059
          ],
          [
            73.4793681,
            18.4461942
          ],
          [
            73.4800494,
            18.4463824
          ],
          [
            73.4806448,
            18.4464435
          ],
          [
            73.4811598,
            18.4464333
          ],
          [
            73.4816211,
            18.4465046
          ],
          [
            73.4819645,
            18.4467183
          ],
          [
            73.4820718,
            18.447044
          ],
          [
            73.4822139,
            18.4472475
          ],
          [
            73.4823936,
            18.4473468
          ],
          [
            73.4827477,
            18.4474002
          ],
          [
            73.4832063,
            18.447474
          ],
          [
            73.4839359,
            18.4475758
          ],
          [
            73.4845018,
            18.4477157
          ],
          [
            73.4848559,
            18.4478048
          ],
          [
            73.4850973,
            18.4479345
          ],
          [
            73.4855613,
            18.4486011
          ],
          [
            73.4860361,
            18.4489624
          ],
          [
            73.4862962,
            18.4491304
          ],
          [
            73.4864065,
            18.4491704
          ],
          [
            73.4867737,
            18.4493034
          ],
          [
            73.4872189,
            18.4494255
          ],
          [
            73.4875569,
            18.4494459
          ],
          [
            73.4879136,
            18.4493594
          ],
          [
            73.4881175,
            18.4493365
          ],
          [
            73.4887344,
            18.449423
          ],
          [
            73.4892789,
            18.449624
          ],
          [
            73.4895658,
            18.4498453
          ],
          [
            73.4896919,
            18.450283
          ],
          [
            73.4897724,
            18.4505221
          ],
          [
            73.4899279,
            18.4506722
          ],
          [
            73.490113,
            18.4507867
          ],
          [
            73.4901988,
            18.4508071
          ],
          [
            73.4902605,
            18.4507995
          ],
          [
            73.4903276,
            18.4507308
          ],
          [
            73.490341,
            18.450517
          ],
          [
            73.4903812,
            18.4503237
          ],
          [
            73.4905207,
            18.4501456
          ],
          [
            73.4906414,
            18.4501023
          ],
          [
            73.4907889,
            18.4500743
          ],
          [
            73.4908989,
            18.4500998
          ],
          [
            73.4910411,
            18.4501736
          ],
          [
            73.4913227,
            18.4502855
          ],
          [
            73.4918377,
            18.4506315
          ],
          [
            73.4923983,
            18.4512218
          ],
          [
            73.4925324,
            18.4515144
          ],
          [
            73.4926933,
            18.4518604
          ],
          [
            73.4928676,
            18.4519978
          ],
          [
            73.493042,
            18.4520843
          ],
          [
            73.4934443,
            18.4521734
          ],
          [
            73.4938842,
            18.4521479
          ],
          [
            73.494029,
            18.4522217
          ],
          [
            73.4940398,
            18.452555
          ],
          [
            73.4940103,
            18.4528476
          ],
          [
            73.4940103,
            18.4530283
          ],
          [
            73.494072,
            18.453186
          ],
          [
            73.49419,
            18.4533107
          ],
          [
            73.4947184,
            18.4533158
          ],
          [
            73.4953326,
            18.4533692
          ],
          [
            73.4958342,
            18.4534099
          ],
          [
            73.4959978,
            18.4533743
          ],
          [
            73.4962124,
            18.4532038
          ],
          [
            73.4964189,
            18.452952
          ],
          [
            73.4965342,
            18.4528222
          ],
          [
            73.4967086,
            18.4528044
          ],
          [
            73.4970465,
            18.4529418
          ],
          [
            73.4972209,
            18.45327
          ],
          [
            73.4972987,
            18.4535931
          ],
          [
            73.4971458,
            18.4539239
          ],
          [
            73.4972048,
            18.4542495
          ],
          [
            73.4975481,
            18.4546083
          ],
          [
            73.4977788,
            18.4547457
          ],
          [
            73.4980926,
            18.4547151
          ],
          [
            73.4981945,
            18.4546006
          ],
          [
            73.4982884,
            18.4544582
          ],
          [
            73.4984413,
            18.4543742
          ],
          [
            73.4988141,
            18.4543818
          ],
          [
            73.4997207,
            18.4546185
          ],
          [
            73.5000721,
            18.4547711
          ],
          [
            73.5002089,
            18.4550281
          ],
          [
            73.5001713,
            18.4554479
          ],
          [
            73.5000989,
            18.4558524
          ],
          [
            73.4999594,
            18.4560992
          ],
          [
            73.4999433,
            18.4563053
          ],
          [
            73.4999889,
            18.4564707
          ],
          [
            73.5001123,
            18.4565801
          ],
          [
            73.5003456,
            18.4565903
          ],
          [
            73.5005549,
            18.4564834
          ],
          [
            73.5007265,
            18.4561984
          ],
          [
            73.5007748,
            18.4560102
          ],
          [
            73.5008794,
            18.4558779
          ],
          [
            73.5011718,
            18.455855
          ],
          [
            73.5017645,
            18.4560712
          ],
          [
            73.50214,
            18.4562366
          ],
          [
            73.5026202,
            18.4561705
          ],
          [
            73.5028723,
            18.4560865
          ],
          [
            73.5031888,
            18.4561119
          ],
          [
            73.5034355,
            18.4562239
          ],
          [
            73.5036689,
            18.4564554
          ],
          [
            73.5038942,
            18.4571398
          ],
          [
            73.5044199,
            18.4582593
          ],
          [
            73.504959,
            18.4589411
          ],
          [
            73.5054928,
            18.4596332
          ],
          [
            73.5058871,
            18.4601802
          ],
          [
            73.5064423,
            18.4605872
          ],
          [
            73.507019,
            18.4609918
          ],
          [
            73.5073462,
            18.4611877
          ],
          [
            73.5075983,
            18.4613861
          ],
          [
            73.5078371,
            18.4619178
          ],
          [
            73.5079873,
            18.4624012
          ],
          [
            73.5082769,
            18.4626964
          ],
          [
            73.5086417,
            18.4626862
          ],
          [
            73.5090172,
            18.4624216
          ],
          [
            73.5093176,
            18.4623605
          ],
          [
            73.509897,
            18.4624521
          ],
          [
            73.5111415,
            18.4632052
          ],
          [
            73.5120749,
            18.4637242
          ],
          [
            73.512783,
            18.4639684
          ],
          [
            73.5139632,
            18.4639888
          ],
          [
            73.5152078,
            18.4637038
          ],
          [
            73.5172892,
            18.4629202
          ],
          [
            73.5194349,
            18.4616583
          ],
          [
            73.5214519,
            18.4597044
          ],
          [
            73.5231471,
            18.4587478
          ],
          [
            73.5242522,
            18.4582084
          ],
          [
            73.5276317,
            18.4572518
          ],
          [
            73.5298312,
            18.456865
          ],
          [
            73.5310435,
            18.4564376
          ],
          [
            73.5320949,
            18.4557659
          ],
          [
            73.5328996,
            18.45485
          ],
          [
            73.5334253,
            18.4540053
          ],
          [
            73.5339403,
            18.4533641
          ],
          [
            73.5346055,
            18.4529774
          ],
          [
            73.5358715,
            18.4524991
          ],
          [
            73.5375023,
            18.4521683
          ],
          [
            73.5387254,
            18.4523108
          ],
          [
            73.5395783,
            18.4524634
          ],
          [
            73.5400611,
            18.4525652
          ],
          [
            73.5406856,
            18.4527349
          ]
        ]
      },
      "id": "way/206488886"
    },
    {
      "type": "Feature",
      "properties": {
        "@id": "way/222532021",
        "boat": "no",
        "name": "Pavana River",
        "name:mr": "पवना",
        "waterway": "river"
      },
      "geometry": {
        "type": "LineString",
        "coordinates": [
          [
            73.7299575,
            18.6455567
          ],
          [
            73.7312336,
            18.644583
          ],
          [
            73.7324253,
            18.6432115
          ],
          [
            73.7336169,
            18.6421397
          ],
          [
            73.7348624,
            18.641993
          ],
          [
            73.7356434,
            18.6424778
          ],
          [
            73.7360003,
            18.6431477
          ],
          [
            73.7363234,
            18.6439068
          ],
          [
            73.7370438,
            18.6448765
          ],
          [
            73.7376901,
            18.6452146
          ],
          [
            73.7383028,
            18.6452975
          ],
          [
            73.7388877,
            18.645055
          ],
          [
            73.7399922,
            18.6437378
          ],
          [
            73.7405064,
            18.6431244
          ],
          [
            73.7414585,
            18.6420959
          ],
          [
            73.7424297,
            18.6413471
          ],
          [
            73.7435817,
            18.6408509
          ],
          [
            73.7449564,
            18.6404331
          ],
          [
            73.7475546,
            18.6403769
          ],
          [
            73.7489838,
            18.6408985
          ],
          [
            73.750235,
            18.6415412
          ],
          [
            73.7515761,
            18.6418056
          ],
          [
            73.7527615,
            18.6418254
          ],
          [
            73.7535357,
            18.6414427
          ],
          [
            73.7538925,
            18.6409259
          ],
          [
            73.7540541,
            18.6400137
          ],
          [
            73.7540003,
            18.6386931
          ],
          [
            73.7539733,
            18.6371365
          ],
          [
            73.7538791,
            18.6354268
          ],
          [
            73.7537713,
            18.6340488
          ],
          [
            73.75363,
            18.6326963
          ],
          [
            73.7537175,
            18.6319563
          ],
          [
            73.7541551,
            18.6311907
          ],
          [
            73.7548874,
            18.6306419
          ],
          [
            73.7559078,
            18.630127
          ],
          [
            73.7570371,
            18.6295551
          ],
          [
            73.7587001,
            18.6286503
          ],
          [
            73.7607815,
            18.627471
          ],
          [
            73.7629272,
            18.6265559
          ],
          [
            73.7659206,
            18.6252037
          ],
          [
            73.7670042,
            18.6246039
          ],
          [
            73.7677874,
            18.6244717
          ],
          [
            73.7682401,
            18.6245055
          ],
          [
            73.7682432,
            18.6245057
          ],
          [
            73.7691396,
            18.6249276
          ],
          [
            73.7713118,
            18.626388
          ],
          [
            73.7730647,
            18.6272371
          ],
          [
            73.7734219,
            18.6274994
          ],
          [
            73.7740085,
            18.6276457
          ],
          [
            73.7749905,
            18.6279891
          ],
          [
            73.7761043,
            18.6282372
          ],
          [
            73.7767141,
            18.6282283
          ],
          [
            73.7777189,
            18.6278184
          ],
          [
            73.7779478,
            18.6274037
          ],
          [
            73.7779511,
            18.6267338
          ],
          [
            73.7778817,
            18.6249795
          ],
          [
            73.7779053,
            18.6248838
          ],
          [
            73.7781993,
            18.6237782
          ],
          [
            73.7784507,
            18.6233036
          ],
          [
            73.778542,
            18.6231378
          ],
          [
            73.7786891,
            18.6228736
          ],
          [
            73.7788841,
            18.6225597
          ]
        ]
      },
      "id": "way/222532021"
    },
    {
      "type": "Feature",
      "properties": {
        "@id": "way/233735601",
        "name": "Ramnadi",
        "name:mr": "रामनदी",
        "waterway": "river"
      },
      "geometry": {
        "type": "LineString",
        "coordinates": [
          [
            73.7391613,
            18.4945485
          ],
          [
            73.7394224,
            18.494575
          ],
          [
            73.7396929,
            18.4946061
          ],
          [
            73.739953,
            18.4946785
          ],
          [
            73.7401606,
            18.4947777
          ],
          [
            73.7402968,
            18.4949443
          ],
          [
            73.7403646,
            18.4951285
          ],
          [
            73.7403899,
            18.4953526
          ],
          [
            73.7404498,
            18.4966504
          ],
          [
            73.7404624,
            18.4969271
          ],
          [
            73.7405745,
            18.4976761
          ],
          [
            73.7406214,
            18.4977464
          ],
          [
            73.7407194,
            18.4978002
          ],
          [
            73.7411035,
            18.4979814
          ],
          [
            73.7413166,
            18.4980819
          ],
          [
            73.74144,
            18.4981137
          ],
          [
            73.7415943,
            18.4981226
          ],
          [
            73.7417807,
            18.4981468
          ],
          [
            73.7419389,
            18.4981925
          ],
          [
            73.7420717,
            18.4982383
          ],
          [
            73.7421483,
            18.4982898
          ],
          [
            73.7422232,
            18.4983159
          ],
          [
            73.7423433,
            18.4983318
          ],
          [
            73.7424215,
            18.4983042
          ],
          [
            73.7424769,
            18.4982559
          ],
          [
            73.7425202,
            18.4981758
          ],
          [
            73.7425867,
            18.4979041
          ],
          [
            73.7426583,
            18.4977937
          ],
          [
            73.7427699,
            18.4977306
          ],
          [
            73.7436247,
            18.4974447
          ],
          [
            73.7438126,
            18.4974186
          ],
          [
            73.7440311,
            18.4974231
          ],
          [
            73.7442367,
            18.4974615
          ],
          [
            73.7443676,
            18.4975161
          ],
          [
            73.7445286,
            18.497624
          ],
          [
            73.7446882,
            18.4977271
          ],
          [
            73.7455929,
            18.4981752
          ],
          [
            73.7457341,
            18.4982192
          ],
          [
            73.7458665,
            18.4982444
          ],
          [
            73.746032,
            18.4982294
          ],
          [
            73.7461983,
            18.4981633
          ],
          [
            73.746321,
            18.4980829
          ],
          [
            73.7464172,
            18.4980065
          ],
          [
            73.7465309,
            18.4979445
          ],
          [
            73.7466964,
            18.4979169
          ],
          [
            73.7468952,
            18.4979395
          ],
          [
            73.7471572,
            18.498031
          ],
          [
            73.747439,
            18.4981567
          ],
          [
            73.7476366,
            18.4982436
          ],
          [
            73.7485171,
            18.4984957
          ],
          [
            73.7496509,
            18.498784
          ],
          [
            73.7498329,
            18.4988313
          ],
          [
            73.7499773,
            18.4988383
          ],
          [
            73.7501338,
            18.4988212
          ],
          [
            73.751054,
            18.4984786
          ],
          [
            73.7511851,
            18.4983755
          ],
          [
            73.7512837,
            18.4982257
          ],
          [
            73.7513089,
            18.4980322
          ],
          [
            73.7513046,
            18.4977821
          ],
          [
            73.7513655,
            18.4976164
          ],
          [
            73.7515001,
            18.4974725
          ],
          [
            73.7516984,
            18.4974215
          ],
          [
            73.7518881,
            18.4973629
          ],
          [
            73.7520495,
            18.497273
          ],
          [
            73.7522046,
            18.4971161
          ],
          [
            73.7525508,
            18.496762
          ],
          [
            73.7527707,
            18.4966046
          ],
          [
            73.7529995,
            18.4965578
          ],
          [
            73.7532328,
            18.4965961
          ],
          [
            73.7534392,
            18.4967407
          ],
          [
            73.7536859,
            18.496962
          ],
          [
            73.754646,
            18.4979023
          ],
          [
            73.7554581,
            18.4987277
          ],
          [
            73.7560683,
            18.4991404
          ],
          [
            73.7566022,
            18.4994297
          ],
          [
            73.756997,
            18.4996893
          ],
          [
            73.757163,
            18.4998807
          ],
          [
            73.7577507,
            18.5007317
          ],
          [
            73.7579122,
            18.500838
          ],
          [
            73.7581769,
            18.5008848
          ],
          [
            73.7582922,
            18.5009004
          ],
          [
            73.7593748,
            18.5010465
          ],
          [
            73.7602228,
            18.5012294
          ],
          [
            73.7603708,
            18.5013656
          ],
          [
            73.7604022,
            18.5015273
          ],
          [
            73.7603843,
            18.5020719
          ],
          [
            73.7603257,
            18.5022981
          ],
          [
            73.7602604,
            18.5024402
          ],
          [
            73.7601913,
            18.5027118
          ],
          [
            73.7602004,
            18.5032546
          ],
          [
            73.7602504,
            18.5036195
          ],
          [
            73.7603125,
            18.5038971
          ],
          [
            73.760501,
            18.504063
          ],
          [
            73.7606984,
            18.504046
          ],
          [
            73.7610304,
            18.5039524
          ],
          [
            73.7614341,
            18.5040545
          ],
          [
            73.7617123,
            18.5041949
          ],
          [
            73.7618828,
            18.5043098
          ],
          [
            73.7620129,
            18.5045183
          ],
          [
            73.7620219,
            18.5047097
          ],
          [
            73.7619052,
            18.5049139
          ],
          [
            73.7618245,
            18.5051096
          ],
          [
            73.7618514,
            18.5052458
          ],
          [
            73.761995,
            18.5053521
          ],
          [
            73.7625244,
            18.5054925
          ],
          [
            73.7629461,
            18.5055564
          ],
          [
            73.7633275,
            18.5056712
          ],
          [
            73.7638434,
            18.5058244
          ],
          [
            73.7647048,
            18.5060414
          ],
          [
            73.765463,
            18.5061988
          ],
          [
            73.7660059,
            18.5062626
          ],
          [
            73.7661584,
            18.5063392
          ],
          [
            73.7662078,
            18.5064541
          ],
          [
            73.7662706,
            18.5066328
          ],
          [
            73.7664725,
            18.5070497
          ],
          [
            73.7667552,
            18.5073901
          ],
          [
            73.767132,
            18.5076879
          ],
          [
            73.767639,
            18.5083345
          ],
          [
            73.7677736,
            18.5083941
          ],
          [
            73.7678902,
            18.5084749
          ],
          [
            73.7679486,
            18.5085685
          ],
          [
            73.767962,
            18.5087387
          ],
          [
            73.7679172,
            18.5088281
          ],
          [
            73.7677736,
            18.5088919
          ],
          [
            73.7675852,
            18.5088919
          ],
          [
            73.7674281,
            18.5089259
          ],
          [
            73.7671365,
            18.508994
          ],
          [
            73.7668045,
            18.5090365
          ],
          [
            73.7665712,
            18.5091769
          ],
          [
            73.766459,
            18.5093258
          ],
          [
            73.7664905,
            18.509462
          ],
          [
            73.7666295,
            18.5096194
          ],
          [
            73.7668269,
            18.509679
          ],
          [
            73.7671141,
            18.5096066
          ],
          [
            73.7675179,
            18.5095598
          ],
          [
            73.7687068,
            18.509679
          ],
          [
            73.7689805,
            18.5097981
          ],
          [
            73.7690881,
            18.5099172
          ],
          [
            73.7691519,
            18.5101066
          ],
          [
            73.76929,
            18.5105771
          ],
          [
            73.7694072,
            18.5119469
          ],
          [
            73.7693765,
            18.5122223
          ],
          [
            73.7693256,
            18.5122767
          ],
          [
            73.7692572,
            18.5122989
          ],
          [
            73.7691751,
            18.5123086
          ],
          [
            73.7690507,
            18.5123136
          ],
          [
            73.768966,
            18.5123272
          ],
          [
            73.7689166,
            18.5123721
          ],
          [
            73.7689112,
            18.5124472
          ],
          [
            73.768934,
            18.5125266
          ],
          [
            73.7690115,
            18.5125973
          ],
          [
            73.7696948,
            18.5129432
          ]
        ]
      },
      "id": "way/233735601"
    },
    {
      "type": "Feature",
      "properties": {
        "@id": "way/251618639",
        "name": "Ramnadi",
        "name:mr": "रामनदी",
        "waterway": "river"
      },
      "geometry": {
        "type": "LineString",
        "coordinates": [
          [
            73.7864821,
            18.5336885
          ],
          [
            73.7880019,
            18.5358806
          ],
          [
            73.7882867,
            18.5362201
          ],
          [
            73.7886411,
            18.5364828
          ],
          [
            73.7889092,
            18.536737
          ],
          [
            73.789091,
            18.536961
          ],
          [
            73.7892773,
            18.5373703
          ],
          [
            73.7895135,
            18.5378355
          ],
          [
            73.7896544,
            18.5380035
          ],
          [
            73.7898452,
            18.53815
          ],
          [
            73.7903223,
            18.5384817
          ],
          [
            73.7904677,
            18.5386454
          ],
          [
            73.7905631,
            18.5388522
          ],
          [
            73.7907077,
            18.5390201
          ],
          [
            73.7908459,
            18.5391267
          ],
          [
            73.7910579,
            18.5391511
          ],
          [
            73.7912443,
            18.5391145
          ],
          [
            73.7913824,
            18.5389896
          ],
          [
            73.7915013,
            18.5387855
          ],
          [
            73.7915977,
            18.5385814
          ],
          [
            73.7916716,
            18.5384992
          ],
          [
            73.7918097,
            18.5384566
          ],
          [
            73.7919768,
            18.5384535
          ],
          [
            73.7921406,
            18.5384657
          ],
          [
            73.7922306,
            18.5385266
          ],
          [
            73.792502,
            18.5387625
          ]
        ]
      },
      "id": "way/251618639"
    },
    {
      "type": "Feature",
      "properties": {
        "@id": "way/309635196",
        "waterway": "river"
      },
      "geometry": {
        "type": "LineString",
        "coordinates": [
          [
            73.439288,
            18.4138215
          ],
          [
            73.4394344,
            18.4133659
          ],
          [
            73.4395046,
            18.4127157
          ],
          [
            73.4394871,
            18.4124675
          ],
          [
            73.4394461,
            18.4118878
          ],
          [
            73.4395866,
            18.4116989
          ],
          [
            73.4402191,
            18.4115377
          ],
          [
            73.4405295,
            18.4113099
          ],
          [
            73.4405881,
            18.4110376
          ],
          [
            73.4405412,
            18.4107709
          ],
          [
            73.4406935,
            18.4106209
          ],
          [
            73.4411854,
            18.4100541
          ],
          [
            73.4411972,
            18.4097096
          ],
          [
            73.4411386,
            18.4093651
          ],
          [
            73.4410449,
            18.4090817
          ],
          [
            73.4405178,
            18.408826
          ],
          [
            73.4402308,
            18.408526
          ],
          [
            73.4401313,
            18.4081203
          ],
          [
            73.4398619,
            18.407598
          ],
          [
            73.4397096,
            18.4073257
          ],
          [
            73.4396159,
            18.4070979
          ],
          [
            73.4396218,
            18.4068589
          ],
          [
            73.4398209,
            18.4065867
          ],
          [
            73.4400083,
            18.4064088
          ],
          [
            73.4404885,
            18.4055253
          ],
          [
            73.4404358,
            18.4052864
          ],
          [
            73.440348,
            18.4049363
          ],
          [
            73.4401957,
            18.4044917
          ],
          [
            73.440143,
            18.4042194
          ],
          [
            73.4402836,
            18.4039027
          ],
          [
            73.4402869,
            18.4038896
          ],
          [
            73.4403714,
            18.4035582
          ],
          [
            73.4404768,
            18.403297
          ],
          [
            73.4405295,
            18.4029802
          ],
          [
            73.4405178,
            18.4027135
          ],
          [
            73.440184,
            18.40208
          ],
          [
            73.44002,
            18.4018133
          ],
          [
            73.4399205,
            18.401491
          ],
          [
            73.4397623,
            18.4011798
          ],
          [
            73.4395164,
            18.4009519
          ],
          [
            73.4392704,
            18.4007574
          ],
          [
            73.439083,
            18.4005852
          ],
          [
            73.4389541,
            18.400374
          ],
          [
            73.4391005,
            18.4002184
          ],
          [
            73.4393934,
            18.4000906
          ],
          [
            73.4398502,
            18.3998905
          ],
          [
            73.440061,
            18.399646
          ],
          [
            73.440061,
            18.3994682
          ],
          [
            73.4400083,
            18.3992626
          ],
          [
            73.4398736,
            18.3989903
          ],
          [
            73.4397682,
            18.3987291
          ],
          [
            73.4394871,
            18.3983179
          ],
          [
            73.4391533,
            18.3980234
          ],
          [
            73.4387667,
            18.3977733
          ],
          [
            73.4384681,
            18.3975899
          ],
          [
            73.4383509,
            18.3973454
          ],
          [
            73.4383861,
            18.3971231
          ],
          [
            73.4384856,
            18.3968897
          ],
          [
            73.4387784,
            18.396623
          ],
          [
            73.4398443,
            18.3956282
          ],
          [
            73.439938,
            18.3954226
          ],
          [
            73.4400142,
            18.3952614
          ],
          [
            73.4400317,
            18.3947613
          ],
          [
            73.4398736,
            18.3944223
          ],
          [
            73.4394109,
            18.3937054
          ],
          [
            73.4390186,
            18.3932053
          ],
          [
            73.4386555,
            18.3929774
          ],
          [
            73.4384271,
            18.3928329
          ],
          [
            73.4382689,
            18.3925829
          ],
          [
            73.4381401,
            18.3922994
          ],
          [
            73.4374607,
            18.3914603
          ],
          [
            73.4374373,
            18.3912602
          ],
          [
            73.4377477,
            18.3908267
          ],
          [
            73.4379653,
            18.3907998
          ],
          [
            73.4382865,
            18.3907601
          ],
          [
            73.4387257,
            18.3907211
          ],
          [
            73.4389311,
            18.390618
          ],
          [
            73.4395346,
            18.3901395
          ],
          [
            73.4397304,
            18.3899181
          ],
          [
            73.4400024,
            18.3898875
          ],
          [
            73.4405351,
            18.3899308
          ],
          [
            73.4410286,
            18.3900453
          ],
          [
            73.4417099,
            18.3902337
          ],
          [
            73.4427988,
            18.3898875
          ],
          [
            73.4436035,
            18.3893378
          ],
          [
            73.4445637,
            18.3890731
          ],
          [
            73.4458727,
            18.3888338
          ],
          [
            73.4479111,
            18.3886149
          ],
          [
            73.4529804,
            18.3883815
          ],
          [
            73.4609451,
            18.3900265
          ],
          [
            73.4639454,
            18.3911398
          ],
          [
            73.4676146,
            18.3936036
          ],
          [
            73.47049,
            18.3950187
          ],
          [
            73.4728289,
            18.3954361
          ],
          [
            73.4740121,
            18.3954483
          ],
          [
            73.4747922,
            18.3954564
          ],
          [
            73.4758758,
            18.3953037
          ],
          [
            73.4780109,
            18.3949576
          ],
          [
            73.478719,
            18.3949474
          ],
          [
            73.4808218,
            18.3950085
          ],
          [
            73.4842551,
            18.3953241
          ],
          [
            73.4866583,
            18.3957822
          ],
          [
            73.4888363,
            18.3960469
          ],
          [
            73.490113,
            18.395884
          ],
          [
            73.4920978,
            18.3955379
          ],
          [
            73.4941792,
            18.3949678
          ],
          [
            73.4986639,
            18.3937359
          ],
          [
            73.5009491,
            18.3926364
          ],
          [
            73.5045218,
            18.3904271
          ],
          [
            73.5071397,
            18.3887575
          ],
          [
            73.5113132,
            18.3867111
          ],
          [
            73.5192847,
            18.3820786
          ],
          [
            73.5228038,
            18.3801238
          ],
          [
            73.5238123,
            18.3796758
          ],
          [
            73.5260653,
            18.3793092
          ],
          [
            73.5278892,
            18.3792685
          ],
          [
            73.5295929,
            18.3790798
          ],
          [
            73.5324812,
            18.3791463
          ],
          [
            73.5369444,
            18.3796758
          ],
          [
            73.5426307,
            18.379798
          ],
          [
            73.5462785,
            18.3804496
          ],
          [
            73.5490036,
            18.3826895
          ],
          [
            73.5512137,
            18.3849294
          ],
          [
            73.5528445,
            18.3859271
          ],
          [
            73.5549474,
            18.3863955
          ],
          [
            73.5582948,
            18.3863344
          ],
          [
            73.5604191,
            18.3858457
          ],
          [
            73.5623717,
            18.3852348
          ],
          [
            73.5637879,
            18.3853163
          ],
          [
            73.566513,
            18.385805
          ],
          [
            73.5695386,
            18.3878005
          ],
          [
            73.5728216,
            18.3896127
          ],
          [
            73.5771775,
            18.3908344
          ],
          [
            73.5849237,
            18.3927484
          ],
          [
            73.5903311,
            18.3931149
          ],
          [
            73.596189,
            18.3921986
          ],
          [
            73.6021757,
            18.3912823
          ],
          [
            73.6075401,
            18.3896534
          ],
          [
            73.6121257,
            18.3870371
          ],
          [
            73.6124493,
            18.3868852
          ]
        ]
      },
      "id": "way/309635196"
    },
    {
      "type": "Feature",
      "properties": {
        "@id": "way/332358430",
        "name": "Kasarsai",
        "name:mr": "कासारसई",
        "waterway": "river"
      },
      "geometry": {
        "type": "LineString",
        "coordinates": [
          [
            73.5706309,
            18.635668
          ],
          [
            73.5707204,
            18.6356581
          ],
          [
            73.5712221,
            18.6356476
          ],
          [
            73.5713891,
            18.6356757
          ],
          [
            73.5715821,
            18.6356265
          ],
          [
            73.5720628,
            18.6354016
          ],
          [
            73.5722702,
            18.6353543
          ],
          [
            73.5724618,
            18.6353394
          ],
          [
            73.5728213,
            18.6353593
          ],
          [
            73.5729421,
            18.6353742
          ],
          [
            73.5730759,
            18.635317
          ],
          [
            73.5732458,
            18.6351611
          ],
          [
            73.573372,
            18.6351294
          ],
          [
            73.5734685,
            18.6351962
          ],
          [
            73.573591,
            18.6354073
          ],
          [
            73.5736801,
            18.635657
          ],
          [
            73.573784,
            18.6358188
          ],
          [
            73.5739548,
            18.6359419
          ],
          [
            73.5741144,
            18.6360157
          ],
          [
            73.5742294,
            18.6359981
          ],
          [
            73.5744113,
            18.6358645
          ],
          [
            73.5749903,
            18.6350485
          ],
          [
            73.5753021,
            18.6347988
          ],
          [
            73.5755964,
            18.6344582
          ],
          [
            73.5759314,
            18.633999
          ],
          [
            73.5762778,
            18.6335712
          ],
          [
            73.5764405,
            18.6334817
          ],
          [
            73.5765035,
            18.6335314
          ],
          [
            73.576577,
            18.6337055
          ],
          [
            73.5767187,
            18.633999
          ],
          [
            73.5769182,
            18.6342079
          ],
          [
            73.5771912,
            18.634367
          ],
          [
            73.5774169,
            18.6344267
          ],
          [
            73.5777266,
            18.6344019
          ],
          [
            73.5780468,
            18.6344665
          ],
          [
            73.578346,
            18.6344615
          ],
          [
            73.5786557,
            18.6343621
          ],
          [
            73.5789759,
            18.6342725
          ],
          [
            73.5792751,
            18.6342576
          ],
          [
            73.5794903,
            18.6343223
          ],
          [
            73.5800782,
            18.6346157
          ],
          [
            73.5802619,
            18.6347102
          ],
          [
            73.5806451,
            18.6348296
          ],
          [
            73.5810283,
            18.634954
          ],
          [
            73.5813223,
            18.635133
          ],
          [
            73.5817369,
            18.6354116
          ],
          [
            73.5818706,
            18.6355417
          ],
          [
            73.5819596,
            18.6357105
          ],
          [
            73.5819745,
            18.6358688
          ],
          [
            73.5819262,
            18.6361431
          ],
          [
            73.5818149,
            18.6366214
          ],
          [
            73.5818112,
            18.6367621
          ],
          [
            73.5818483,
            18.6368465
          ],
          [
            73.5819633,
            18.6368817
          ],
          [
            73.5821526,
            18.6368219
          ],
          [
            73.5823308,
            18.6368219
          ],
          [
            73.5826055,
            18.6368817
          ],
          [
            73.5833534,
            18.6371506
          ],
          [
            73.5834369,
            18.6371807
          ],
          [
            73.5836856,
            18.6372545
          ],
          [
            73.5840043,
            18.6372548
          ],
          [
            73.5844094,
            18.637258
          ],
          [
            73.5847686,
            18.6372303
          ],
          [
            73.5849208,
            18.6372514
          ],
          [
            73.5851138,
            18.6373147
          ],
          [
            73.5861234,
            18.6377966
          ],
          [
            73.5863461,
            18.6378898
          ],
          [
            73.5867711,
            18.6379883
          ],
          [
            73.5870773,
            18.6380146
          ],
          [
            73.5873501,
            18.6380463
          ],
          [
            73.5877398,
            18.6380375
          ],
          [
            73.5884645,
            18.6379754
          ],
          [
            73.5888812,
            18.638039
          ],
          [
            73.5894455,
            18.6381584
          ],
          [
            73.5897526,
            18.6382479
          ],
          [
            73.5901817,
            18.6384548
          ],
          [
            73.5903525,
            18.6386377
          ],
          [
            73.5905009,
            18.6389296
          ],
          [
            73.5906253,
            18.6392233
          ],
          [
            73.5906754,
            18.6394747
          ],
          [
            73.5907403,
            18.6395838
          ],
          [
            73.5908424,
            18.6396787
          ],
          [
            73.5909946,
            18.6397983
          ],
          [
            73.5910967,
            18.6398001
          ],
          [
            73.5911449,
            18.6397667
          ],
          [
            73.5911709,
            18.6397121
          ],
          [
            73.5912099,
            18.6396137
          ],
          [
            73.5912897,
            18.6394396
          ],
          [
            73.5913583,
            18.6393604
          ],
          [
            73.5915124,
            18.6393147
          ],
          [
            73.5917258,
            18.6393042
          ],
          [
            73.5918817,
            18.6393851
          ],
          [
            73.5921337,
            18.6394993
          ],
          [
            73.5923515,
            18.6397206
          ],
          [
            73.5924775,
            18.6398997
          ],
          [
            73.5927111,
            18.640029
          ],
          [
            73.5929683,
            18.6400713
          ],
          [
            73.5932518,
            18.6401981
          ],
          [
            73.5934906,
            18.6403473
          ],
          [
            73.5936507,
            18.6403647
          ],
          [
            73.5940181,
            18.6403225
          ],
          [
            73.5944853,
            18.6402777
          ],
          [
            73.594837,
            18.640305
          ],
          [
            73.5952753,
            18.6403125
          ],
          [
            73.5955693,
            18.6402852
          ],
          [
            73.595837,
            18.6401857
          ],
          [
            73.5961598,
            18.6400588
          ],
          [
            73.5964039,
            18.6399842
          ],
          [
            73.5966138,
            18.6399892
          ],
          [
            73.5968632,
            18.6399942
          ],
          [
            73.5973409,
            18.6400016
          ],
          [
            73.5976296,
            18.6401782
          ],
          [
            73.5978316,
            18.6403772
          ],
          [
            73.598018,
            18.6406283
          ],
          [
            73.5982411,
            18.6407651
          ],
          [
            73.5984747,
            18.6407378
          ],
          [
            73.5988789,
            18.6404916
          ],
          [
            73.5992122,
            18.64031
          ],
          [
            73.5997161,
            18.64032
          ],
          [
            73.6019504,
            18.6405587
          ],
          [
            73.6031892,
            18.6403001
          ],
          [
            73.6039241,
            18.6397629
          ],
          [
            73.6050789,
            18.6389721
          ],
          [
            73.6054516,
            18.6388726
          ],
          [
            73.6063125,
            18.6388825
          ],
          [
            73.6069949,
            18.6393053
          ],
          [
            73.6076405,
            18.6400315
          ],
          [
            73.6080237,
            18.640892
          ],
          [
            73.6081602,
            18.6412948
          ],
          [
            73.6082862,
            18.6415908
          ],
          [
            73.6084673,
            18.6417293
          ],
          [
            73.6088318,
            18.6417685
          ],
          [
            73.6092401,
            18.6415997
          ],
          [
            73.6098414,
            18.6412199
          ],
          [
            73.6105244,
            18.6403477
          ],
          [
            73.611096,
            18.6392926
          ],
          [
            73.6114523,
            18.6389268
          ],
          [
            73.6117938,
            18.6387087
          ],
          [
            73.6121649,
            18.6385399
          ],
          [
            73.61264,
            18.6384274
          ],
          [
            73.6131226,
            18.6384133
          ],
          [
            73.6136051,
            18.6384379
          ],
          [
            73.6138371,
            18.6384537
          ],
          [
            73.6139744,
            18.6384854
          ],
          [
            73.614095,
            18.6385575
          ],
          [
            73.6141618,
            18.6385804
          ]
        ]
      },
      "id": "way/332358430"
    },
    {
      "type": "Feature",
      "properties": {
        "@id": "way/332358708",
        "name": "Kasarsai",
        "name:mr": "कासारसई",
        "waterway": "river"
      },
      "geometry": {
        "type": "LineString",
        "coordinates": [
          [
            73.6964829,
            18.6370826
          ],
          [
            73.697166,
            18.6376904
          ],
          [
            73.697514,
            18.6379981
          ],
          [
            73.6976996,
            18.638108
          ],
          [
            73.6979258,
            18.6381712
          ],
          [
            73.6982563,
            18.6382481
          ],
          [
            73.6985173,
            18.6384157
          ],
          [
            73.6989059,
            18.6387922
          ],
          [
            73.6991118,
            18.6388993
          ],
          [
            73.69928,
            18.6389213
          ],
          [
            73.6994887,
            18.6388554
          ],
          [
            73.6997671,
            18.6388993
          ],
          [
            73.700031,
            18.6390504
          ],
          [
            73.7004109,
            18.6393032
          ],
          [
            73.7007994,
            18.6393884
          ],
          [
            73.7012547,
            18.6394681
          ],
          [
            73.7014548,
            18.6395698
          ],
          [
            73.7017099,
            18.6397758
          ],
          [
            73.7019796,
            18.640177
          ],
          [
            73.7023537,
            18.6408089
          ],
          [
            73.7028948,
            18.6419329
          ],
          [
            73.7030076,
            18.642034
          ],
          [
            73.703106,
            18.6420767
          ],
          [
            73.7032721,
            18.6420728
          ],
          [
            73.7038647,
            18.6418773
          ],
          [
            73.7039807,
            18.6418635
          ],
          [
            73.7042852,
            18.6419185
          ],
          [
            73.704462,
            18.6419762
          ],
          [
            73.7046592,
            18.6421301
          ],
          [
            73.7049231,
            18.64224
          ],
          [
            73.7051609,
            18.6422922
          ],
          [
            73.7053088,
            18.6422757
          ],
          [
            73.7056335,
            18.6422427
          ],
          [
            73.705822,
            18.6423114
          ],
          [
            73.706054,
            18.6425367
          ],
          [
            73.7061758,
            18.64274
          ],
          [
            73.7062483,
            18.6429873
          ],
          [
            73.7061874,
            18.6432786
          ],
          [
            73.7058969,
            18.6443901
          ],
          [
            73.7057722,
            18.6447115
          ],
          [
            73.7055663,
            18.6449039
          ],
          [
            73.7051488,
            18.6452116
          ],
          [
            73.70494,
            18.6454754
          ],
          [
            73.7049023,
            18.6456127
          ],
          [
            73.7049168,
            18.6457336
          ],
          [
            73.7049893,
            18.6458023
          ],
          [
            73.7051517,
            18.6458463
          ],
          [
            73.7055402,
            18.6458243
          ],
          [
            73.7057171,
            18.6458793
          ],
          [
            73.7058244,
            18.6460716
          ],
          [
            73.7059607,
            18.646154
          ],
          [
            73.7061463,
            18.6460414
          ],
          [
            73.7062797,
            18.645838
          ],
          [
            73.7067755,
            18.6451621
          ],
          [
            73.706906,
            18.645066
          ],
          [
            73.7070713,
            18.645033
          ],
          [
            73.7071757,
            18.6451182
          ],
          [
            73.7073294,
            18.6453545
          ],
          [
            73.7077875,
            18.6459205
          ],
          [
            73.7078339,
            18.6460551
          ],
          [
            73.7078165,
            18.6462117
          ],
          [
            73.7076658,
            18.6464068
          ],
          [
            73.7073294,
            18.6468739
          ],
          [
            73.7069669,
            18.6473739
          ],
          [
            73.7068683,
            18.6476322
          ],
          [
            73.7068306,
            18.6478355
          ],
          [
            73.7068335,
            18.6480883
          ],
          [
            73.7069843,
            18.6484812
          ],
          [
            73.7075079,
            18.650074
          ],
          [
            73.7076104,
            18.6502177
          ],
          [
            73.7077703,
            18.6503071
          ],
          [
            73.7079959,
            18.650311
          ],
          [
            73.7081845,
            18.6502061
          ],
          [
            73.7083636,
            18.6500591
          ],
          [
            73.7085536,
            18.649903
          ],
          [
            73.708676,
            18.6498428
          ],
          [
            73.7087775,
            18.6498428
          ],
          [
            73.7089878,
            18.6499459
          ],
          [
            73.7091357,
            18.6501025
          ],
          [
            73.7091574,
            18.6502192
          ],
          [
            73.7091197,
            18.6503594
          ],
          [
            73.708593,
            18.6516874
          ],
          [
            73.7085785,
            18.6517918
          ],
          [
            73.708622,
            18.651888
          ],
          [
            73.7087061,
            18.6519676
          ],
          [
            73.7090686,
            18.65216
          ],
          [
            73.7093991,
            18.6522506
          ],
          [
            73.709721,
            18.652421
          ],
          [
            73.7099733,
            18.6526518
          ],
          [
            73.7104528,
            18.6535212
          ],
          [
            73.7105862,
            18.653763
          ],
          [
            73.7107153,
            18.6539883
          ],
          [
            73.7108527,
            18.6541632
          ],
          [
            73.7109942,
            18.6542254
          ],
          [
            73.7112074,
            18.654204
          ],
          [
            73.7113981,
            18.6541146
          ],
          [
            73.7118759,
            18.6536007
          ],
          [
            73.7120441,
            18.65351
          ],
          [
            73.7123341,
            18.653532
          ],
          [
            73.712482,
            18.6534908
          ],
          [
            73.7127227,
            18.6533589
          ],
          [
            73.7130416,
            18.6532435
          ],
          [
            73.7133055,
            18.6532215
          ],
          [
            73.7134795,
            18.6532627
          ],
          [
            73.7141377,
            18.6536336
          ],
          [
            73.7148088,
            18.6538926
          ],
          [
            73.7154649,
            18.6542034
          ],
          [
            73.7161211,
            18.6546017
          ],
          [
            73.7168232,
            18.6549955
          ]
        ]
      },
      "id": "way/332358708"
    },
    {
      "type": "Feature",
      "properties": {
        "@id": "way/332358709",
        "name": "Kasarsai",
        "name:mr": "कासारसई",
        "waterway": "river"
      },
      "geometry": {
        "type": "LineString",
        "coordinates": [
          [
            73.6775245,
            18.6238774
          ],
          [
            73.6778934,
            18.6239949
          ],
          [
            73.6781979,
            18.6240993
          ],
          [
            73.6785894,
            18.6242559
          ],
          [
            73.6789402,
            18.6243329
          ],
          [
            73.6794071,
            18.6244263
          ],
          [
            73.680132,
            18.6246791
          ],
          [
            73.6803234,
            18.6248495
          ],
          [
            73.6804394,
            18.6250885
          ],
          [
            73.6806105,
            18.6257068
          ],
          [
            73.6809337,
            18.6264882
          ],
          [
            73.6812371,
            18.6269934
          ],
          [
            73.6815693,
            18.6273548
          ],
          [
            73.6816349,
            18.6276112
          ],
          [
            73.6816759,
            18.628097
          ],
          [
            73.6818236,
            18.6282913
          ],
          [
            73.682127,
            18.6284312
          ],
          [
            73.6822378,
            18.6286022
          ],
          [
            73.6821147,
            18.6289247
          ],
          [
            73.681922,
            18.6294182
          ],
          [
            73.6819302,
            18.6295931
          ],
          [
            73.6820655,
            18.6297757
          ],
          [
            73.6822542,
            18.629834
          ],
          [
            73.6825451,
            18.6299325
          ],
          [
            73.6828283,
            18.6300283
          ],
          [
            73.6832548,
            18.630312
          ],
          [
            73.6840626,
            18.6306345
          ],
          [
            73.6845219,
            18.6307472
          ],
          [
            73.6848664,
            18.6308599
          ],
          [
            73.6850632,
            18.6309687
          ],
          [
            73.6851822,
            18.6311747
          ],
          [
            73.6852478,
            18.6315827
          ],
          [
            73.6852396,
            18.6319558
          ],
          [
            73.685256,
            18.632154
          ],
          [
            73.6853503,
            18.6322861
          ],
          [
            73.6854856,
            18.6323793
          ],
          [
            73.6856128,
            18.6323871
          ],
          [
            73.6857317,
            18.6322977
          ],
          [
            73.6858096,
            18.6320607
          ],
          [
            73.6859572,
            18.6318936
          ],
          [
            73.6861254,
            18.631847
          ],
          [
            73.6863099,
            18.6318897
          ],
          [
            73.686437,
            18.6320451
          ],
          [
            73.687167,
            18.6333469
          ],
          [
            73.6873146,
            18.6334518
          ],
          [
            73.687491,
            18.6335101
          ],
          [
            73.6876591,
            18.6334713
          ],
          [
            73.6877616,
            18.633343
          ],
          [
            73.6879708,
            18.6328612
          ],
          [
            73.6882086,
            18.6325581
          ],
          [
            73.6884424,
            18.6324532
          ],
          [
            73.688672,
            18.632426
          ],
          [
            73.6888155,
            18.6324726
          ],
          [
            73.6889591,
            18.6326164
          ],
          [
            73.689037,
            18.6327951
          ],
          [
            73.6892584,
            18.6333858
          ],
          [
            73.689365,
            18.6335218
          ],
          [
            73.6895578,
            18.6336034
          ],
          [
            73.6897751,
            18.6336112
          ],
          [
            73.6899843,
            18.6335335
          ],
          [
            73.6900909,
            18.6334169
          ],
          [
            73.6901729,
            18.6332653
          ],
          [
            73.6902795,
            18.63297
          ],
          [
            73.6904026,
            18.6327796
          ],
          [
            73.6905133,
            18.6326358
          ],
          [
            73.6906773,
            18.632527
          ],
          [
            73.690825,
            18.6325076
          ],
          [
            73.6909767,
            18.6325503
          ],
          [
            73.6910751,
            18.6326552
          ],
          [
            73.6911448,
            18.6328651
          ],
          [
            73.6912596,
            18.6334586
          ],
          [
            73.691277,
            18.6335767
          ],
          [
            73.691277,
            18.6337086
          ],
          [
            73.6912509,
            18.6339724
          ],
          [
            73.6912509,
            18.6340768
          ],
          [
            73.691306,
            18.6342224
          ],
          [
            73.6913785,
            18.6343323
          ],
          [
            73.6914974,
            18.634412
          ],
          [
            73.6915699,
            18.6344203
          ],
          [
            73.6916627,
            18.6344065
          ],
          [
            73.6917352,
            18.6343296
          ],
          [
            73.6917961,
            18.6341812
          ],
          [
            73.6918947,
            18.6340411
          ],
          [
            73.6920281,
            18.6338927
          ],
          [
            73.6921847,
            18.633813
          ],
          [
            73.6923035,
            18.6337938
          ],
          [
            73.6924978,
            18.6338185
          ],
          [
            73.6927494,
            18.6338432
          ],
          [
            73.6929339,
            18.6339093
          ],
          [
            73.6930816,
            18.6340958
          ],
          [
            73.6931615,
            18.6343134
          ],
          [
            73.6932332,
            18.6346193
          ],
          [
            73.6932845,
            18.634838
          ],
          [
            73.6934486,
            18.6353063
          ],
          [
            73.6934691,
            18.6355006
          ],
          [
            73.6934322,
            18.6357609
          ],
          [
            73.6933338,
            18.6359669
          ],
          [
            73.6931296,
            18.6362253
          ],
          [
            73.6930745,
            18.6363462
          ],
          [
            73.69306,
            18.6364698
          ],
          [
            73.693089,
            18.6365798
          ],
          [
            73.6931731,
            18.6366842
          ],
          [
            73.6933268,
            18.6368161
          ],
          [
            73.6935733,
            18.6369534
          ],
          [
            73.6938111,
            18.6370084
          ],
          [
            73.6940314,
            18.6370111
          ],
          [
            73.6941503,
            18.6369727
          ],
          [
            73.6943127,
            18.6369699
          ],
          [
            73.6944896,
            18.6370221
          ],
          [
            73.694681,
            18.6370551
          ],
          [
            73.6948869,
            18.6370139
          ],
          [
            73.6950869,
            18.6369425
          ],
          [
            73.6953665,
            18.6368957
          ],
          [
            73.695787,
            18.636849
          ],
          [
            73.6960335,
            18.6368216
          ],
          [
            73.6961669,
            18.636849
          ],
          [
            73.6963234,
            18.6369287
          ],
          [
            73.6964829,
            18.6370826
          ]
        ]
      },
      "id": "way/332358709"
    },
    {
      "type": "Feature",
      "properties": {
        "@id": "way/332358710",
        "name": "Kasarsai",
        "name:mr": "कासारसई",
        "waterway": "river"
      },
      "geometry": {
        "type": "LineString",
        "coordinates": [
          [
            73.6141618,
            18.6385804
          ],
          [
            73.6142863,
            18.6385698
          ],
          [
            73.6144832,
            18.6385134
          ],
          [
            73.6149835,
            18.6383366
          ],
          [
            73.6152049,
            18.6382803
          ],
          [
            73.6153074,
            18.638292
          ],
          [
            73.6154264,
            18.6383522
          ],
          [
            73.6155104,
            18.6384318
          ],
          [
            73.6155822,
            18.6384493
          ],
          [
            73.6156847,
            18.6383774
          ],
          [
            73.6163019,
            18.6379636
          ],
          [
            73.6174522,
            18.6372564
          ],
          [
            73.6175321,
            18.6371223
          ],
          [
            73.6175588,
            18.6370135
          ],
          [
            73.617567,
            18.6368523
          ],
          [
            73.6175178,
            18.6366891
          ],
          [
            73.6174173,
            18.6364229
          ],
          [
            73.617403,
            18.6362927
          ],
          [
            73.6174178,
            18.6361465
          ],
          [
            73.6174712,
            18.6359949
          ],
          [
            73.617545,
            18.6358964
          ],
          [
            73.6179452,
            18.6356601
          ],
          [
            73.618441,
            18.6352397
          ],
          [
            73.6187484,
            18.6350282
          ],
          [
            73.618963,
            18.6348523
          ],
          [
            73.6191572,
            18.634594
          ],
          [
            73.6193167,
            18.6343467
          ],
          [
            73.6194878,
            18.6341599
          ],
          [
            73.6197546,
            18.6339593
          ],
          [
            73.6203896,
            18.6335444
          ],
          [
            73.622115,
            18.6326926
          ],
          [
            73.6221991,
            18.6326074
          ],
          [
            73.6222919,
            18.6325332
          ],
          [
            73.6224804,
            18.6324865
          ],
          [
            73.6228032,
            18.6323693
          ],
          [
            73.6229454,
            18.6323835
          ],
          [
            73.6230418,
            18.6324554
          ],
          [
            73.6231689,
            18.6324982
          ],
          [
            73.6232899,
            18.632471
          ],
          [
            73.6237102,
            18.6323136
          ],
          [
            73.6237779,
            18.632199
          ],
          [
            73.623903,
            18.6319017
          ],
          [
            73.623985,
            18.6316413
          ],
          [
            73.6240731,
            18.6314917
          ],
          [
            73.6246611,
            18.6309129
          ],
          [
            73.6251081,
            18.6307069
          ],
          [
            73.6256781,
            18.6305864
          ],
          [
            73.6267525,
            18.6303533
          ],
          [
            73.6271093,
            18.6303455
          ],
          [
            73.6283396,
            18.6303144
          ],
          [
            73.6286102,
            18.6302639
          ],
          [
            73.628803,
            18.6300346
          ],
          [
            73.6289957,
            18.6297043
          ],
          [
            73.6291351,
            18.6296149
          ],
          [
            73.6293853,
            18.6295761
          ],
          [
            73.6296601,
            18.6296188
          ],
          [
            73.6301768,
            18.6297471
          ],
          [
            73.6304748,
            18.6299555
          ],
          [
            73.6306696,
            18.6300585
          ],
          [
            73.630809,
            18.6300371
          ],
          [
            73.6317536,
            18.6295724
          ],
          [
            73.6319682,
            18.6295147
          ],
          [
            73.6322582,
            18.6295724
          ],
          [
            73.6324583,
            18.6297043
          ],
          [
            73.6327018,
            18.6296988
          ],
          [
            73.6329454,
            18.6295779
          ],
          [
            73.6331977,
            18.629402
          ],
          [
            73.6334384,
            18.6293443
          ],
          [
            73.6337197,
            18.6293333
          ],
          [
            73.6340444,
            18.6292179
          ],
          [
            73.6343344,
            18.6289843
          ],
          [
            73.6345258,
            18.6288689
          ],
          [
            73.6352229,
            18.6286241
          ],
          [
            73.6356084,
            18.6284259
          ],
          [
            73.635834,
            18.628185
          ],
          [
            73.6364778,
            18.6275554
          ],
          [
            73.6368633,
            18.6272873
          ],
          [
            73.6371626,
            18.6271435
          ],
          [
            73.6375973,
            18.627093
          ],
          [
            73.6380156,
            18.626887
          ],
          [
            73.6381972,
            18.6265146
          ],
          [
            73.6384433,
            18.6259628
          ],
          [
            73.6387877,
            18.6255509
          ],
          [
            73.6394275,
            18.6251623
          ],
          [
            73.640264,
            18.6249447
          ],
          [
            73.6410104,
            18.6251001
          ],
          [
            73.6430854,
            18.6256131
          ],
          [
            73.6441599,
            18.6256209
          ],
          [
            73.6452261,
            18.6252711
          ],
          [
            73.6518446,
            18.6219078
          ],
          [
            73.6547152,
            18.620742
          ],
          [
            73.6568149,
            18.6204155
          ],
          [
            73.6599479,
            18.6205088
          ],
          [
            73.6621687,
            18.6211799
          ],
          [
            73.663433,
            18.6217515
          ],
          [
            73.6647089,
            18.622367
          ],
          [
            73.6650588,
            18.6224373
          ],
          [
            73.6652936,
            18.6224428
          ],
          [
            73.6654152,
            18.6224065
          ],
          [
            73.6657201,
            18.6223154
          ],
          [
            73.6659386,
            18.6221839
          ],
          [
            73.6660945,
            18.6219391
          ],
          [
            73.6667931,
            18.6204647
          ],
          [
            73.6669961,
            18.6202229
          ],
          [
            73.6673151,
            18.6200031
          ],
          [
            73.6680922,
            18.6197612
          ],
          [
            73.6689621,
            18.6198272
          ],
          [
            73.670702,
            18.6199701
          ],
          [
            73.6708969,
            18.6200379
          ],
          [
            73.6709707,
            18.6201778
          ],
          [
            73.6712085,
            18.6210717
          ],
          [
            73.6713152,
            18.6212582
          ],
          [
            73.6715776,
            18.6213787
          ],
          [
            73.6721558,
            18.6215147
          ],
          [
            73.673218,
            18.6215435
          ],
          [
            73.6746533,
            18.621458
          ],
          [
            73.6753012,
            18.6213026
          ],
          [
            73.6758343,
            18.6212792
          ],
          [
            73.6762116,
            18.6213414
          ],
          [
            73.6764986,
            18.6215046
          ],
          [
            73.6766627,
            18.6217456
          ],
          [
            73.6766463,
            18.6220953
          ],
          [
            73.6764166,
            18.6224451
          ],
          [
            73.6762608,
            18.6226611
          ],
          [
            73.6762731,
            18.622902
          ],
          [
            73.676351,
            18.6231702
          ],
          [
            73.6766135,
            18.6234616
          ],
          [
            73.6770548,
            18.6237455
          ],
          [
            73.6772268,
            18.6237938
          ],
          [
            73.6775245,
            18.6238774
          ]
        ]
      },
      "id": "way/332358710"
    },
    {
      "type": "Feature",
      "properties": {
        "@id": "way/332361177",
        "waterway": "river"
      },
      "geometry": {
        "type": "LineString",
        "coordinates": [
          [
            73.5269097,
            18.5855167
          ],
          [
            73.5272129,
            18.5844275
          ],
          [
            73.5272289,
            18.5837467
          ],
          [
            73.527197,
            18.5830054
          ],
          [
            73.5275002,
            18.5822944
          ],
          [
            73.5279631,
            18.5820372
          ],
          [
            73.5285139,
            18.5818254
          ],
          [
            73.5292701,
            18.5818147
          ],
          [
            73.5300036,
            18.5816436
          ],
          [
            73.530929,
            18.5812585
          ],
          [
            73.5315836,
            18.5805418
          ],
          [
            73.5317642,
            18.5800818
          ],
          [
            73.5321479,
            18.5792153
          ],
          [
            73.5327347,
            18.5782311
          ],
          [
            73.5336714,
            18.5770223
          ],
          [
            73.5348903,
            18.5758349
          ],
          [
            73.5355455,
            18.5749751
          ]
        ]
      },
      "id": "way/332361177"
    },
    {
      "type": "Feature",
      "properties": {
        "@id": "way/332361180",
        "waterway": "river"
      },
      "geometry": {
        "type": "LineString",
        "coordinates": [
          [
            73.5261846,
            18.602528
          ],
          [
            73.5263179,
            18.6021106
          ],
          [
            73.5263243,
            18.6018776
          ],
          [
            73.5256061,
            18.6011817
          ],
          [
            73.5244929,
            18.6002477
          ],
          [
            73.5241178,
            18.5998355
          ],
          [
            73.5237467,
            18.5996237
          ],
          [
            73.5232679,
            18.5993892
          ],
          [
            73.5231642,
            18.5992077
          ],
          [
            73.5231482,
            18.5988031
          ],
          [
            73.5232879,
            18.5984325
          ],
          [
            73.5233437,
            18.5981791
          ],
          [
            73.5233902,
            18.5977981
          ],
          [
            73.5233463,
            18.5975447
          ],
          [
            73.5231867,
            18.5973367
          ],
          [
            73.5228754,
            18.5971741
          ],
          [
            73.5226041,
            18.5966712
          ],
          [
            73.5223192,
            18.595733
          ],
          [
            73.5223351,
            18.5954229
          ],
          [
            73.5225665,
            18.5949994
          ],
          [
            73.5229605,
            18.594063
          ],
          [
            73.5233103,
            18.593817
          ],
          [
            73.5242714,
            18.5932903
          ],
          [
            73.5245987,
            18.5930069
          ],
          [
            73.5247003,
            18.5926111
          ],
          [
            73.5249937,
            18.5915147
          ],
          [
            73.5251855,
            18.5912366
          ],
          [
            73.5254282,
            18.5908622
          ],
          [
            73.5256877,
            18.5904718
          ],
          [
            73.525716,
            18.5901348
          ],
          [
            73.5255241,
            18.5895518
          ],
          [
            73.5254877,
            18.5891749
          ],
          [
            73.5254718,
            18.5883504
          ],
          [
            73.5255675,
            18.5879949
          ],
          [
            73.5256952,
            18.5875751
          ],
          [
            73.5259426,
            18.5873406
          ],
          [
            73.526577,
            18.5869587
          ],
          [
            73.5266568,
            18.5867431
          ],
          [
            73.5266648,
            18.5865578
          ],
          [
            73.5266887,
            18.586259
          ],
          [
            73.5269097,
            18.5855167
          ]
        ]
      },
      "id": "way/332361180"
    },
    {
      "type": "Feature",
      "properties": {
        "@id": "way/332361183",
        "waterway": "river"
      },
      "geometry": {
        "type": "LineString",
        "coordinates": [
          [
            73.5355455,
            18.5749751
          ],
          [
            73.5364675,
            18.5745168
          ],
          [
            73.5369703,
            18.5744184
          ],
          [
            73.5378321,
            18.5744638
          ],
          [
            73.5384546,
            18.5743125
          ],
          [
            73.5392367,
            18.573957
          ],
          [
            73.5397633,
            18.5739116
          ],
          [
            73.5404975,
            18.5741688
          ],
          [
            73.5413594,
            18.5741537
          ],
          [
            73.5421175,
            18.5740402
          ],
          [
            73.5426442,
            18.5738133
          ],
          [
            73.5433783,
            18.5732611
          ],
          [
            73.5441524,
            18.5728375
          ],
          [
            73.5446791,
            18.5726332
          ],
          [
            73.5453255,
            18.5724971
          ],
          [
            73.5457564,
            18.57255
          ],
          [
            73.5465145,
            18.5727164
          ],
          [
            73.5472806,
            18.5726635
          ],
          [
            73.5480228,
            18.5725576
          ],
          [
            73.5489325,
            18.5726559
          ],
          [
            73.5498982,
            18.5728027
          ],
          [
            73.5510632,
            18.5728526
          ],
          [
            73.5516058,
            18.5729812
          ],
          [
            73.5524916,
            18.5731627
          ],
          [
            73.5536488,
            18.5732006
          ],
          [
            73.5545585,
            18.573072
          ],
          [
            73.5557794,
            18.5727618
          ],
          [
            73.5575032,
            18.5720432
          ],
          [
            73.5590513,
            18.5713926
          ],
          [
            73.5601446,
            18.5708102
          ],
          [
            73.5606341,
            18.5704499
          ],
          [
            73.5609727,
            18.5703761
          ],
          [
            73.561565,
            18.5704017
          ],
          [
            73.5625306,
            18.5708782
          ],
          [
            73.5627407,
            18.5710486
          ],
          [
            73.5631103,
            18.5711449
          ],
          [
            73.5637987,
            18.571185
          ],
          [
            73.5646705,
            18.571185
          ],
          [
            73.5653843,
            18.5711074
          ],
          [
            73.5655656,
            18.5710579
          ],
          [
            73.5659232,
            18.5709603
          ],
          [
            73.5664508,
            18.5709229
          ],
          [
            73.5669643,
            18.5709871
          ],
          [
            73.5680428,
            18.5709282
          ],
          [
            73.5688102,
            18.5708534
          ],
          [
            73.5690641,
            18.5707196
          ],
          [
            73.5692052,
            18.5704361
          ],
          [
            73.56973,
            18.5693235
          ],
          [
            73.5698936,
            18.5685907
          ],
          [
            73.5700911,
            18.5680986
          ],
          [
            73.5702152,
            18.5678686
          ],
          [
            73.570472,
            18.5676009
          ],
          [
            73.5707795,
            18.5672802
          ],
          [
            73.5717411,
            18.5666006
          ],
          [
            73.5721162,
            18.5661996
          ],
          [
            73.5722519,
            18.565897
          ],
          [
            73.5723317,
            18.5652994
          ]
        ]
      },
      "id": "way/332361183"
    },
    {
      "type": "Feature",
      "properties": {
        "@id": "way/332361218",
        "name": "Valki Nadi",
        "name:mr": "वाळकी नदी",
        "waterway": "river"
      },
      "geometry": {
        "type": "LineString",
        "coordinates": [
          [
            73.5723317,
            18.5652994
          ],
          [
            73.5725462,
            18.5647305
          ],
          [
            73.5726978,
            18.5644052
          ],
          [
            73.5729851,
            18.5642388
          ],
          [
            73.5731367,
            18.5642596
          ],
          [
            73.5732983,
            18.5643787
          ],
          [
            73.5736115,
            18.5645546
          ],
          [
            73.5738529,
            18.5646208
          ],
          [
            73.5740883,
            18.564583
          ],
          [
            73.5745891,
            18.5643749
          ],
          [
            73.5748145,
            18.5643882
          ],
          [
            73.5752834,
            18.5644093
          ],
          [
            73.5756954,
            18.5643612
          ],
          [
            73.576017,
            18.5641204
          ],
          [
            73.5766151,
            18.5635534
          ],
          [
            73.5767564,
            18.5633231
          ],
          [
            73.5770893,
            18.5625662
          ],
          [
            73.5777157,
            18.5616782
          ],
          [
            73.5780429,
            18.561138
          ],
          [
            73.5785198,
            18.5607876
          ],
          [
            73.5793182,
            18.5602099
          ],
          [
            73.5797048,
            18.5599665
          ],
          [
            73.5803396,
            18.5597899
          ],
          [
            73.5805371,
            18.5596
          ],
          [
            73.5808305,
            18.5588859
          ],
          [
            73.5809518,
            18.5582386
          ],
          [
            73.5812537,
            18.5576422
          ],
          [
            73.5820098,
            18.5567825
          ],
          [
            73.5822196,
            18.5565082
          ],
          [
            73.5823371,
            18.5563545
          ],
          [
            73.5824613,
            18.556309
          ],
          [
            73.5825826,
            18.5563492
          ],
          [
            73.5830086,
            18.5565899
          ],
          [
            73.5836434,
            18.5567771
          ],
          [
            73.5839227,
            18.5567771
          ],
          [
            73.5843516,
            18.5566701
          ],
          [
            73.5846027,
            18.5565123
          ],
          [
            73.5848228,
            18.5562208
          ],
          [
            73.5850174,
            18.5560309
          ],
          [
            73.5852629,
            18.5559506
          ],
          [
            73.5861093,
            18.5558998
          ],
          [
            73.586905,
            18.5560523
          ],
          [
            73.5873604,
            18.5559681
          ],
          [
            73.5877554,
            18.5556524
          ],
          [
            73.5879416,
            18.5552673
          ],
          [
            73.5880376,
            18.5548072
          ],
          [
            73.588051,
            18.5544877
          ],
          [
            73.5880714,
            18.5540048
          ],
          [
            73.5882028,
            18.5536179
          ],
          [
            73.5884567,
            18.5530027
          ],
          [
            73.5891057,
            18.5521895
          ],
          [
            73.5895119,
            18.5519327
          ],
          [
            73.5901214,
            18.5517134
          ],
          [
            73.5916393,
            18.5509698
          ],
          [
            73.5920568,
            18.5506595
          ],
          [
            73.5922318,
            18.5502958
          ],
          [
            73.5925195,
            18.5497876
          ],
          [
            73.5927882,
            18.5494825
          ],
          [
            73.593033,
            18.5492044
          ],
          [
            73.5938829,
            18.54845
          ],
          [
            73.594629,
            18.5478334
          ],
          [
            73.5952674,
            18.547527
          ],
          [
            73.5958181,
            18.5474211
          ],
          [
            73.5961811,
            18.5473606
          ],
          [
            73.5963886,
            18.5471903
          ],
          [
            73.5966919,
            18.5467894
          ],
          [
            73.5970111,
            18.5464035
          ],
          [
            73.5972984,
            18.5461803
          ],
          [
            73.5976295,
            18.5460933
          ],
          [
            73.5979311,
            18.5461251
          ],
          [
            73.5981323,
            18.5461463
          ],
          [
            73.5985568,
            18.5463358
          ],
          [
            73.5992678,
            18.546721
          ],
          [
            73.599928,
            18.5470366
          ],
          [
            73.600797,
            18.5472131
          ],
          [
            73.6014967,
            18.5471971
          ],
          [
            73.6027777,
            18.5471222
          ],
          [
            73.6040943,
            18.5471689
          ],
          [
            73.6042843,
            18.5471757
          ],
          [
            73.604826,
            18.5473148
          ],
          [
            73.6050686,
            18.5475234
          ],
          [
            73.6053338,
            18.5479942
          ],
          [
            73.6057401,
            18.5485131
          ],
          [
            73.6061859,
            18.5488876
          ],
          [
            73.6066035,
            18.5491551
          ],
          [
            73.6070323,
            18.5492621
          ],
          [
            73.6075233,
            18.5491979
          ],
          [
            73.60767,
            18.5491631
          ],
          [
            73.6078644,
            18.5490604
          ],
          [
            73.6081157,
            18.5489277
          ],
          [
            73.6083866,
            18.5486977
          ],
          [
            73.6088211,
            18.5483152
          ],
          [
            73.6097,
            18.547424
          ],
          [
            73.6101389,
            18.5467393
          ],
          [
            73.6105499,
            18.5460016
          ],
          [
            73.6107614,
            18.5454417
          ],
          [
            73.6108611,
            18.5449197
          ],
          [
            73.610901,
            18.5445414
          ],
          [
            73.6111883,
            18.5437168
          ],
          [
            73.6114054,
            18.5433952
          ],
          [
            73.6114892,
            18.5430396
          ],
          [
            73.611569,
            18.5426046
          ],
          [
            73.6117845,
            18.5422414
          ],
          [
            73.6120957,
            18.5417421
          ],
          [
            73.6124308,
            18.5409855
          ],
          [
            73.6126703,
            18.540785
          ],
          [
            73.6129895,
            18.5406791
          ],
          [
            73.6133366,
            18.5405202
          ],
          [
            73.6139431,
            18.5403537
          ],
          [
            73.6146413,
            18.5401646
          ],
          [
            73.6152638,
            18.5401003
          ],
          [
            73.6161975,
            18.5400322
          ],
          [
            73.6167002,
            18.5398884
          ],
          [
            73.6172628,
            18.5396728
          ],
          [
            73.6180648,
            18.539094
          ],
          [
            73.6186115,
            18.5388519
          ]
        ]
      },
      "id": "way/332361218"
    },
    {
      "type": "Feature",
      "properties": {
        "@id": "way/332361278",
        "waterway": "river"
      },
      "geometry": {
        "type": "LineString",
        "coordinates": [
          [
            73.5851365,
            18.6031913
          ],
          [
            73.5854358,
            18.6031232
          ],
          [
            73.585747,
            18.6031988
          ],
          [
            73.5860782,
            18.6034522
          ],
          [
            73.5864772,
            18.6034976
          ],
          [
            73.5867805,
            18.6033387
          ],
          [
            73.5871316,
            18.6030665
          ],
          [
            73.5876024,
            18.6028963
          ],
          [
            73.5881793,
            18.6026968
          ],
          [
            73.5888257,
            18.6025304
          ],
          [
            73.5893404,
            18.6023186
          ],
          [
            73.5896397,
            18.6019859
          ],
          [
            73.5899828,
            18.6017287
          ],
          [
            73.5902821,
            18.6016153
          ],
          [
            73.5905694,
            18.6016644
          ],
          [
            73.5909883,
            18.6018081
          ],
          [
            73.5912995,
            18.602035
          ],
          [
            73.5917943,
            18.6023224
          ],
          [
            73.5921095,
            18.6024132
          ],
          [
            73.5925684,
            18.6023829
          ],
          [
            73.5933943,
            18.6022695
          ],
          [
            73.5938811,
            18.6021409
          ],
          [
            73.5941325,
            18.6019253
          ],
          [
            73.59432,
            18.6015321
          ],
          [
            73.5944517,
            18.6009799
          ],
          [
            73.5945594,
            18.6005299
          ],
          [
            73.5948467,
            18.6001366
          ],
          [
            73.5951061,
            18.5999022
          ],
          [
            73.595517,
            18.5998341
          ],
          [
            73.5959599,
            18.5997849
          ],
          [
            73.5962153,
            18.5998076
          ],
          [
            73.597778,
            18.6002275
          ],
          [
            73.5983931,
            18.6005002
          ],
          [
            73.5990081,
            18.6004414
          ],
          [
            73.5993467,
            18.6001258
          ],
          [
            73.599456,
            18.5995931
          ],
          [
            73.5994447,
            18.5985021
          ],
          [
            73.5995689,
            18.5978924
          ],
          [
            73.5998171,
            18.5974004
          ],
          [
            73.6006974,
            18.5970581
          ],
          [
            73.6032028,
            18.5957531
          ],
          [
            73.6049295,
            18.5941808
          ],
          [
            73.6061484,
            18.5934962
          ],
          [
            73.6070793,
            18.5932358
          ]
        ]
      },
      "id": "way/332361278"
    },
    {
      "type": "Feature",
      "properties": {
        "@id": "way/332361280",
        "waterway": "river"
      },
      "geometry": {
        "type": "LineString",
        "coordinates": [
          [
            73.6070793,
            18.5932358
          ],
          [
            73.6074744,
            18.5930088
          ],
          [
            73.6077577,
            18.5925891
          ],
          [
            73.6078055,
            18.592139
          ],
          [
            73.6077018,
            18.5915226
          ],
          [
            73.6075422,
            18.5909553
          ],
          [
            73.6074385,
            18.5906792
          ],
          [
            73.6069038,
            18.5901498
          ],
          [
            73.606632,
            18.5898385
          ],
          [
            73.60662,
            18.5895889
          ],
          [
            73.606683,
            18.5895614
          ],
          [
            73.6069752,
            18.5894338
          ],
          [
            73.6074819,
            18.589067
          ],
          [
            73.6076455,
            18.5887569
          ],
          [
            73.6080924,
            18.5876677
          ],
          [
            73.6087228,
            18.5863213
          ],
          [
            73.6092586,
            18.5854022
          ],
          [
            73.6095858,
            18.5847443
          ],
          [
            73.6098905,
            18.5843004
          ],
          [
            73.6103533,
            18.584049
          ],
          [
            73.6113633,
            18.584033
          ],
          [
            73.6117922,
            18.584049
          ],
          [
            73.612063,
            18.5840276
          ],
          [
            73.6123338,
            18.5837021
          ],
          [
            73.613467,
            18.5813043
          ],
          [
            73.61385,
            18.5808353
          ],
          [
            73.6141054,
            18.5806991
          ],
          [
            73.6147198,
            18.5806689
          ],
          [
            73.6155897,
            18.5805705
          ],
          [
            73.6162999,
            18.5802831
          ],
          [
            73.6169303,
            18.5799503
          ],
          [
            73.6177044,
            18.5791636
          ],
          [
            73.6184618,
            18.5783655
          ],
          [
            73.6190112,
            18.5778122
          ],
          [
            73.6190938,
            18.577729
          ],
          [
            73.6197427,
            18.5771246
          ],
          [
            73.6205384,
            18.5765309
          ],
          [
            73.6214638,
            18.5760762
          ],
          [
            73.6226883,
            18.5749744
          ],
          [
            73.623924,
            18.5736318
          ],
          [
            73.6241949,
            18.5734606
          ],
          [
            73.6248269,
            18.5734339
          ],
          [
            73.6252916,
            18.5733965
          ],
          [
            73.6256902,
            18.5733644
          ],
          [
            73.6264012,
            18.5734072
          ],
          [
            73.6271291,
            18.5735516
          ],
          [
            73.6277216,
            18.5737227
          ],
          [
            73.6281787,
            18.5739848
          ],
          [
            73.6289236,
            18.5740704
          ],
          [
            73.629454,
            18.5738565
          ],
          [
            73.6302045,
            18.5735195
          ],
          [
            73.630622,
            18.5735516
          ],
          [
            73.6310227,
            18.5737174
          ],
          [
            73.6319109,
            18.5737624
          ],
          [
            73.6334909,
            18.5735057
          ],
          [
            73.6375876,
            18.5721042
          ],
          [
            73.6397319,
            18.5716228
          ],
          [
            73.6414586,
            18.5706814
          ],
          [
            73.6424517,
            18.5704888
          ],
          [
            73.6441107,
            18.5697507
          ],
          [
            73.6449585,
            18.5697132
          ],
          [
            73.6457428,
            18.5702695
          ],
          [
            73.6463615,
            18.5704016
          ]
        ]
      },
      "id": "way/332361280"
    },
    {
      "type": "Feature",
      "properties": {
        "@id": "way/332361281",
        "waterway": "river"
      },
      "geometry": {
        "type": "LineString",
        "coordinates": [
          [
            73.6463615,
            18.5704016
          ],
          [
            73.646576,
            18.5703106
          ],
          [
            73.6469371,
            18.5696902
          ],
          [
            73.6474845,
            18.5686417
          ],
          [
            73.6475409,
            18.5678287
          ],
          [
            73.6475014,
            18.5674008
          ],
          [
            73.6477497,
            18.5670852
          ],
          [
            73.6494217,
            18.5663239
          ],
          [
            73.6505503,
            18.5658104
          ],
          [
            73.651092,
            18.565682
          ],
          [
            73.6516732,
            18.5656589
          ],
          [
            73.6520602,
            18.5655719
          ],
          [
            73.6524632,
            18.5653222
          ],
          [
            73.652697,
            18.5651749
          ],
          [
            73.653013,
            18.5647577
          ],
          [
            73.6532447,
            18.5640787
          ],
          [
            73.6533225,
            18.5637193
          ],
          [
            73.6532686,
            18.5634016
          ],
          [
            73.6531849,
            18.5631274
          ],
          [
            73.6532367,
            18.5624239
          ],
          [
            73.6532427,
            18.5621383
          ],
          [
            73.6531743,
            18.5619273
          ],
          [
            73.6532403,
            18.5616109
          ],
          [
            73.6533606,
            18.561034
          ],
          [
            73.653812,
            18.5600871
          ],
          [
            73.6543029,
            18.5596324
          ],
          [
            73.6548615,
            18.5593115
          ],
          [
            73.6554992,
            18.5592633
          ],
          [
            73.655708,
            18.5593168
          ],
          [
            73.656024,
            18.5595522
          ],
          [
            73.6564697,
            18.5600925
          ],
          [
            73.6569268,
            18.560376
          ],
          [
            73.65735,
            18.560483
          ],
          [
            73.6577394,
            18.5603706
          ],
          [
            73.658312,
            18.5596368
          ],
          [
            73.658735,
            18.5586458
          ],
          [
            73.6588068,
            18.5580482
          ],
          [
            73.6586033,
            18.5573673
          ],
          [
            73.6586152,
            18.5568491
          ],
          [
            73.6587509,
            18.556293
          ],
          [
            73.6589065,
            18.5557105
          ],
          [
            73.659118,
            18.5551923
          ],
          [
            73.659501,
            18.5546778
          ],
          [
            73.6597604,
            18.5543185
          ],
          [
            73.6598961,
            18.5538835
          ],
          [
            73.6599639,
            18.5531383
          ],
          [
            73.659991,
            18.5528935
          ],
          [
            73.6600996,
            18.5519127
          ],
          [
            73.6603549,
            18.550793
          ],
          [
            73.6606063,
            18.5504866
          ],
          [
            73.6610252,
            18.5504715
          ],
          [
            73.6612567,
            18.5506379
          ],
          [
            73.6615867,
            18.5511106
          ],
          [
            73.6618801,
            18.5512604
          ],
          [
            73.6623315,
            18.5511909
          ],
          [
            73.6631215,
            18.5505489
          ],
          [
            73.6637648,
            18.5492115
          ],
          [
            73.6640244,
            18.5480667
          ],
          [
            73.6641259,
            18.5464297
          ],
          [
            73.6643404,
            18.5438083
          ],
          [
            73.6645209,
            18.5431342
          ],
          [
            73.6647692,
            18.5428453
          ],
          [
            73.6651981,
            18.5430593
          ],
          [
            73.6654012,
            18.5432305
          ],
          [
            73.6657398,
            18.5429202
          ],
          [
            73.6660558,
            18.5415185
          ],
          [
            73.6659542,
            18.5398387
          ],
          [
            73.6661009,
            18.5386189
          ],
          [
            73.6666539,
            18.5370781
          ],
          [
            73.6669513,
            18.5364466
          ],
          [
            73.6675205,
            18.5357329
          ]
        ]
      },
      "id": "way/332361281"
    },
    {
      "type": "Feature",
      "properties": {
        "@id": "way/337913603",
        "boat": "no",
        "name": "Mutha",
        "name:mr": "मुठा",
        "waterway": "river"
      },
      "geometry": {
        "type": "LineString",
        "coordinates": [
          [
            73.6267951,
            18.3846768
          ],
          [
            73.6273243,
            18.3841553
          ],
          [
            73.6279847,
            18.3837036
          ],
          [
            73.6298421,
            18.3825738
          ],
          [
            73.6303015,
            18.3824519
          ],
          [
            73.6310771,
            18.3825832
          ],
          [
            73.6319663,
            18.3830379
          ],
          [
            73.6345252,
            18.3847725
          ],
          [
            73.6349501,
            18.3852319
          ],
          [
            73.6352662,
            18.3860167
          ],
          [
            73.635562,
            18.3873361
          ],
          [
            73.6359677,
            18.3881637
          ],
          [
            73.6368866,
            18.3889044
          ],
          [
            73.6381314,
            18.38942
          ],
          [
            73.6391688,
            18.3895044
          ],
          [
            73.640147,
            18.3891763
          ],
          [
            73.6422119,
            18.3883887
          ],
          [
            73.6438421,
            18.3879856
          ],
          [
            73.6448301,
            18.3880137
          ],
          [
            73.6454554,
            18.3881756
          ],
          [
            73.6464109,
            18.38852
          ],
          [
            73.6485944,
            18.3894013
          ],
          [
            73.6496812,
            18.3895513
          ],
          [
            73.6510644,
            18.3895044
          ],
          [
            73.6525365,
            18.3887544
          ],
          [
            73.6580495,
            18.3847791
          ],
          [
            73.659245,
            18.3843009
          ],
          [
            73.6606085,
            18.3841415
          ],
          [
            73.6611716,
            18.3844041
          ],
          [
            73.6615174,
            18.3849572
          ],
          [
            73.6625252,
            18.3879012
          ],
          [
            73.6642846,
            18.3917693
          ],
          [
            73.6644942,
            18.3928963
          ],
          [
            73.6647877,
            18.3948718
          ],
          [
            73.6652348,
            18.3957469
          ],
          [
            73.6658775,
            18.3962375
          ],
          [
            73.666646,
            18.3965026
          ],
          [
            73.6699994,
            18.3970197
          ],
          [
            73.6720904,
            18.3969069
          ]
        ]
      },
      "id": "way/337913603"
    },
    {
      "type": "Feature",
      "properties": {
        "@id": "way/337913607",
        "waterway": "river"
      },
      "geometry": {
        "type": "LineString",
        "coordinates": [
          [
            73.6200924,
            18.3720598
          ],
          [
            73.6205078,
            18.3723482
          ],
          [
            73.6208433,
            18.3725802
          ],
          [
            73.6209989,
            18.3728005
          ],
          [
            73.6211051,
            18.373117
          ],
          [
            73.6211347,
            18.3735835
          ],
          [
            73.6211026,
            18.3742843
          ],
          [
            73.6210063,
            18.3746852
          ],
          [
            73.6208136,
            18.375086
          ],
          [
            73.6204851,
            18.3757213
          ],
          [
            73.6203913,
            18.3761924
          ],
          [
            73.6202282,
            18.3768065
          ],
          [
            73.6201961,
            18.376987
          ],
          [
            73.6202579,
            18.3772144
          ],
          [
            73.6203987,
            18.3774324
          ],
          [
            73.620495,
            18.3777348
          ],
          [
            73.6204728,
            18.3781684
          ],
          [
            73.6203814,
            18.3788083
          ],
          [
            73.6204382,
            18.3790662
          ],
          [
            73.620663,
            18.3793568
          ],
          [
            73.6211156,
            18.3800517
          ],
          [
            73.6212309,
            18.3805025
          ],
          [
            73.6213427,
            18.382402
          ],
          [
            73.6213531,
            18.3837511
          ],
          [
            73.6214405,
            18.3841456
          ],
          [
            73.6215802,
            18.3844273
          ],
          [
            73.6216918,
            18.3845242
          ]
        ]
      },
      "id": "way/337913607"
    },
    {
      "type": "Feature",
      "properties": {
        "@id": "way/639979575",
        "name": "Ramnadi",
        "name:mr": "रामनदी",
        "waterway": "river"
      },
      "geometry": {
        "type": "LineString",
        "coordinates": [
          [
            73.7696948,
            18.5129432
          ],
          [
            73.7701048,
            18.5132006
          ],
          [
            73.7701826,
            18.5132641
          ],
          [
            73.7703409,
            18.5133037
          ]
        ]
      },
      "id": "way/639979575"
    },
    {
      "type": "Feature",
      "properties": {
        "@id": "way/639979576",
        "addr:city": "Bavdhan, Pune",
        "name": "Ramnadi",
        "name:mr": "रामनदी",
        "waterway": "river"
      },
      "geometry": {
        "type": "LineString",
        "coordinates": [
          [
            73.7703409,
            18.5133037
          ],
          [
            73.7704642,
            18.5132756
          ],
          [
            73.7706078,
            18.5132198
          ],
          [
            73.7711185,
            18.5130156
          ],
          [
            73.7715534,
            18.5128298
          ],
          [
            73.7722113,
            18.5124817
          ],
          [
            73.7724539,
            18.5123925
          ],
          [
            73.7727324,
            18.5124241
          ],
          [
            73.7733033,
            18.5127707
          ],
          [
            73.7739146,
            18.5130163
          ],
          [
            73.7742985,
            18.5130966
          ],
          [
            73.7744746,
            18.5132279
          ],
          [
            73.7746671,
            18.5134243
          ],
          [
            73.7751471,
            18.514084
          ],
          [
            73.7753549,
            18.5144111
          ],
          [
            73.7754031,
            18.514546
          ],
          [
            73.7753929,
            18.5146957
          ],
          [
            73.7753067,
            18.514805
          ],
          [
            73.7751483,
            18.5149261
          ],
          [
            73.7750845,
            18.5150053
          ],
          [
            73.7750743,
            18.5151065
          ],
          [
            73.7751051,
            18.51518
          ],
          [
            73.775169,
            18.5152422
          ],
          [
            73.7752761,
            18.5152906
          ],
          [
            73.7753941,
            18.5153243
          ],
          [
            73.7754967,
            18.5153739
          ],
          [
            73.7755708,
            18.5154292
          ],
          [
            73.7756395,
            18.5155379
          ],
          [
            73.7758231,
            18.515874
          ],
          [
            73.7760546,
            18.5161692
          ],
          [
            73.7765401,
            18.5165745
          ],
          [
            73.7766921,
            18.5167848
          ],
          [
            73.776809,
            18.5171606
          ],
          [
            73.776854,
            18.5175051
          ],
          [
            73.7768463,
            18.5180285
          ],
          [
            73.7768135,
            18.5183748
          ],
          [
            73.7766501,
            18.5189393
          ],
          [
            73.7765408,
            18.5191419
          ],
          [
            73.7763905,
            18.5192563
          ],
          [
            73.7762572,
            18.5194116
          ],
          [
            73.7759257,
            18.5201493
          ],
          [
            73.7758005,
            18.5203449
          ],
          [
            73.7755921,
            18.5205439
          ],
          [
            73.7754031,
            18.5206954
          ],
          [
            73.7753114,
            18.5208451
          ],
          [
            73.7753027,
            18.5210551
          ],
          [
            73.7753588,
            18.5211886
          ],
          [
            73.7755041,
            18.5213131
          ],
          [
            73.7757149,
            18.5213957
          ],
          [
            73.7761673,
            18.5215719
          ],
          [
            73.7762936,
            18.5216867
          ],
          [
            73.7763614,
            18.5217955
          ],
          [
            73.7765566,
            18.5223358
          ],
          [
            73.7767314,
            18.5226559
          ],
          [
            73.777137,
            18.5231063
          ],
          [
            73.7774272,
            18.5233565
          ],
          [
            73.7775697,
            18.5236466
          ],
          [
            73.7775993,
            18.5238643
          ],
          [
            73.7775347,
            18.5240869
          ],
          [
            73.7771704,
            18.5244255
          ],
          [
            73.7769699,
            18.5245667
          ],
          [
            73.7767205,
            18.5248325
          ],
          [
            73.7766338,
            18.5250898
          ],
          [
            73.7765595,
            18.5253525
          ],
          [
            73.776412,
            18.5257849
          ],
          [
            73.7763962,
            18.5260096
          ],
          [
            73.7764738,
            18.5262075
          ],
          [
            73.7765975,
            18.5263769
          ],
          [
            73.7768009,
            18.5265402
          ],
          [
            73.7775828,
            18.5269734
          ],
          [
            73.7780084,
            18.5271087
          ],
          [
            73.7784371,
            18.5272498
          ],
          [
            73.7786431,
            18.5273834
          ],
          [
            73.7789446,
            18.5278141
          ],
          [
            73.7794116,
            18.5286656
          ],
          [
            73.7806779,
            18.5302065
          ],
          [
            73.7834524,
            18.5329365
          ],
          [
            73.7841079,
            18.5333891
          ],
          [
            73.7851399,
            18.5336178
          ],
          [
            73.7864821,
            18.5336885
          ],
          [
            73.7884871,
            18.5336085
          ],
          [
            73.7899041,
            18.5340111
          ]
        ]
      },
      "id": "way/639979576"
    },
    {
      "type": "Feature",
      "properties": {
        "@id": "way/680526928",
        "intermittent": "yes",
        "name": "Nila Nala",
        "waterway": "river"
      },
      "geometry": {
        "type": "LineString",
        "coordinates": [
          [
            73.4237525,
            18.4421231
          ],
          [
            73.4244499,
            18.4426956
          ],
          [
            73.425158,
            18.4432782
          ],
          [
            73.4253636,
            18.4436347
          ],
          [
            73.4257024,
            18.4442222
          ],
          [
            73.4258983,
            18.4445276
          ],
          [
            73.4260699,
            18.4445988
          ],
          [
            73.4264079,
            18.4446014
          ],
          [
            73.4267485,
            18.4444207
          ],
          [
            73.4269658,
            18.444296
          ],
          [
            73.4272443,
            18.4442827
          ],
          [
            73.427285,
            18.4442808
          ],
          [
            73.4274094,
            18.4442906
          ],
          [
            73.4276068,
            18.4443062
          ],
          [
            73.4280682,
            18.4442757
          ],
          [
            73.4287816,
            18.4442858
          ],
          [
            73.4293851,
            18.4445072
          ],
          [
            73.4298009,
            18.4447896
          ],
          [
            73.4299752,
            18.444866
          ],
          [
            73.4302703,
            18.4448889
          ],
          [
            73.430922,
            18.4448558
          ],
          [
            73.431091,
            18.4449067
          ],
          [
            73.4312707,
            18.4452654
          ],
          [
            73.4313378,
            18.4459346
          ],
          [
            73.43126,
            18.4463366
          ],
          [
            73.4307933,
            18.4479142
          ],
          [
            73.4308228,
            18.4483365
          ],
          [
            73.4315094,
            18.4489675
          ],
          [
            73.4318045,
            18.449222
          ],
          [
            73.4321156,
            18.4495629
          ],
          [
            73.4323168,
            18.4499293
          ],
          [
            73.4325689,
            18.4505043
          ],
          [
            73.4327057,
            18.4511658
          ],
          [
            73.4327432,
            18.4515322
          ],
          [
            73.4327808,
            18.4517739
          ],
          [
            73.4328318,
            18.4518961
          ],
          [
            73.4329122,
            18.4519724
          ],
          [
            73.433049,
            18.4520487
          ],
          [
            73.4332958,
            18.4521683
          ],
          [
            73.4334594,
            18.4522497
          ],
          [
            73.4335533,
            18.452354
          ],
          [
            73.4335694,
            18.4524634
          ],
          [
            73.4335265,
            18.4526924
          ],
          [
            73.4335586,
            18.4530715
          ],
          [
            73.4336123,
            18.4533311
          ],
          [
            73.4337249,
            18.4535321
          ],
          [
            73.4338671,
            18.4538704
          ],
          [
            73.4338805,
            18.4540384
          ],
          [
            73.433859,
            18.4542343
          ],
          [
            73.4337088,
            18.4545421
          ],
          [
            73.4335184,
            18.4547966
          ],
          [
            73.4334004,
            18.4550357
          ],
          [
            73.4333494,
            18.4551706
          ],
          [
            73.4333467,
            18.4552647
          ],
          [
            73.4333816,
            18.4553614
          ],
          [
            73.4335479,
            18.4554657
          ],
          [
            73.4337491,
            18.4555268
          ],
          [
            73.4339368,
            18.4556514
          ],
          [
            73.4341058,
            18.4559338
          ],
          [
            73.4342507,
            18.4563078
          ],
          [
            73.4345135,
            18.4567505
          ],
          [
            73.4347388,
            18.4570152
          ],
          [
            73.4351787,
            18.4573434
          ],
          [
            73.4356534,
            18.4577708
          ],
          [
            73.4359002,
            18.458244
          ],
          [
            73.4360772,
            18.4585849
          ],
          [
            73.4363615,
            18.4589157
          ],
          [
            73.4367317,
            18.4592515
          ],
          [
            73.4370106,
            18.459338
          ],
          [
            73.4371984,
            18.4594042
          ],
          [
            73.4374666,
            18.4595314
          ],
          [
            73.4375846,
            18.4597044
          ],
          [
            73.4376061,
            18.4599639
          ],
          [
            73.4375766,
            18.4600275
          ],
          [
            73.4375471,
            18.4601369
          ],
          [
            73.4375551,
            18.4603404
          ],
          [
            73.4376597,
            18.4608518
          ],
          [
            73.4377,
            18.4609816
          ],
          [
            73.4377751,
            18.4610757
          ],
          [
            73.4379119,
            18.4611368
          ],
          [
            73.4379977,
            18.4611393
          ],
          [
            73.438105,
            18.4610961
          ],
          [
            73.4381855,
            18.4610197
          ],
          [
            73.4383383,
            18.4609078
          ],
          [
            73.4384295,
            18.4608467
          ],
          [
            73.4386387,
            18.4606636
          ],
          [
            73.4388962,
            18.4604524
          ],
          [
            73.4390491,
            18.4603582
          ],
          [
            73.4392101,
            18.4603175
          ],
          [
            73.4394166,
            18.4602946
          ],
          [
            73.4395802,
            18.4603354
          ],
          [
            73.4397411,
            18.4604473
          ],
          [
            73.4400845,
            18.4608467
          ],
          [
            73.4404734,
            18.4616939
          ],
          [
            73.4409723,
            18.4624267
          ],
          [
            73.4411681,
            18.4631136
          ],
          [
            73.4412753,
            18.4642635
          ],
          [
            73.4414041,
            18.4653931
          ],
          [
            73.441565,
            18.4659121
          ],
          [
            73.4419191,
            18.4663395
          ],
          [
            73.4434426,
            18.4670315
          ],
          [
            73.4471118,
            18.4691177
          ],
          [
            73.4488606,
            18.4707662
          ],
          [
            73.4498906,
            18.4728116
          ],
          [
            73.4511566,
            18.4758237
          ],
          [
            73.451972,
            18.4771669
          ],
          [
            73.4534097,
            18.4784083
          ],
          [
            73.4549117,
            18.4791003
          ],
          [
            73.4566712,
            18.4794666
          ],
          [
            73.4585166,
            18.4796905
          ],
          [
            73.460598,
            18.4795073
          ],
          [
            73.4639883,
            18.4792428
          ],
          [
            73.4666919,
            18.4794666
          ],
          [
            73.4693956,
            18.4800365
          ],
          [
            73.4750604,
            18.4821326
          ],
          [
            73.4815192,
            18.4852666
          ],
          [
            73.4834289,
            18.4856533
          ],
          [
            73.4870553,
            18.4858771
          ],
          [
            73.4907675,
            18.4860196
          ],
          [
            73.4939003,
            18.4866301
          ],
          [
            73.4968829,
            18.4878104
          ],
          [
            73.500874,
            18.4903949
          ],
          [
            73.5037493,
            18.4935084
          ],
          [
            73.5063243,
            18.4979649
          ],
          [
            73.5083842,
            18.5027876
          ],
          [
            73.5091138,
            18.5059009
          ],
          [
            73.5095214,
            18.5099705
          ],
          [
            73.509221,
            18.5182314
          ],
          [
            73.5083198,
            18.5228704
          ],
          [
            73.5082485,
            18.5255698
          ],
          [
            73.5081267,
            18.5301846
          ],
          [
            73.5082769,
            18.5307238
          ],
          [
            73.5086417,
            18.531212
          ],
          [
            73.5091674,
            18.5315376
          ],
          [
            73.5096717,
            18.5317308
          ],
          [
            73.5103905,
            18.53168
          ],
          [
            73.5106051,
            18.5316291
          ],
          [
            73.5109577,
            18.5312066
          ]
        ]
      },
      "id": "way/680526928"
    },
    {
      "type": "Feature",
      "properties": {
        "@id": "way/881566883",
        "waterway": "river"
      },
      "geometry": {
        "type": "LineString",
        "coordinates": [
          [
            73.5032502,
            18.4047738
          ],
          [
            73.5029909,
            18.4049568
          ],
          [
            73.5020682,
            18.4048769
          ],
          [
            73.5019484,
            18.4049414
          ]
        ]
      },
      "id": "way/881566883"
    },
    {
      "type": "Feature",
      "properties": {
        "@id": "way/883170188",
        "waterway": "river"
      },
      "geometry": {
        "type": "LineString",
        "coordinates": [
          [
            73.5412101,
            18.4530731
          ],
          [
            73.5416275,
            18.4532445
          ],
          [
            73.5418206,
            18.4533031
          ],
          [
            73.5420004,
            18.4533209
          ],
          [
            73.5421801,
            18.4532903
          ],
          [
            73.5429203,
            18.4530232
          ],
          [
            73.5435399,
            18.4527433
          ],
          [
            73.5437545,
            18.452667
          ],
          [
            73.5439852,
            18.4524787
          ],
          [
            73.544122,
            18.4523235
          ],
          [
            73.544189,
            18.4520589
          ],
          [
            73.5442454,
            18.4517663
          ],
          [
            73.5442883,
            18.4515958
          ],
          [
            73.5443795,
            18.4515551
          ],
          [
            73.5447308,
            18.4515806
          ],
          [
            73.5458252,
            18.4518197
          ],
          [
            73.5463643,
            18.4519215
          ],
          [
            73.5468873,
            18.4519775
          ],
          [
            73.547169,
            18.4519419
          ],
          [
            73.547397,
            18.4518274
          ],
          [
            73.5475686,
            18.451751
          ],
          [
            73.54781,
            18.451723
          ],
          [
            73.5480273,
            18.4517663
          ],
          [
            73.5482874,
            18.4517052
          ],
          [
            73.5485905,
            18.451461
          ],
          [
            73.5487193,
            18.4512651
          ],
          [
            73.5487381,
            18.4510259
          ],
          [
            73.5487112,
            18.4507028
          ],
          [
            73.5487461,
            18.4504992
          ],
          [
            73.5487998,
            18.4503822
          ],
          [
            73.5489768,
            18.4503186
          ],
          [
            73.5492665,
            18.4503211
          ],
          [
            73.5496956,
            18.4504433
          ],
          [
            73.5513291,
            18.450919
          ],
          [
            73.5520345,
            18.4511633
          ],
          [
            73.5524985,
            18.4514101
          ],
          [
            73.5528472,
            18.4516518
          ],
          [
            73.5530403,
            18.4517739
          ],
          [
            73.5531208,
            18.4519291
          ],
          [
            73.5531449,
            18.4520233
          ],
          [
            73.5531476,
            18.4521581
          ],
          [
            73.5530966,
            18.4522904
          ],
          [
            73.5530403,
            18.452321
          ],
          [
            73.5528043,
            18.4524075
          ],
          [
            73.5526487,
            18.4524711
          ],
          [
            73.5524905,
            18.4525983
          ],
          [
            73.552351,
            18.4527942
          ],
          [
            73.5523269,
            18.4528909
          ],
          [
            73.5523108,
            18.4530079
          ],
          [
            73.5523269,
            18.4531733
          ],
          [
            73.5524476,
            18.4533132
          ],
          [
            73.5525978,
            18.453359
          ],
          [
            73.5527828,
            18.4533718
          ],
          [
            73.5534616,
            18.4533394
          ],
          [
            73.5555598,
            18.4531577
          ],
          [
            73.5564232,
            18.4529129
          ],
          [
            73.556619,
            18.4528695
          ],
          [
            73.5578341,
            18.4526047
          ],
          [
            73.559041,
            18.4517325
          ],
          [
            73.5596978,
            18.4513275
          ],
          [
            73.5605517,
            18.451086
          ],
          [
            73.5616437,
            18.4498555
          ],
          [
            73.5621322,
            18.4496179
          ],
          [
            73.5632776,
            18.4495946
          ],
          [
            73.5660116,
            18.4503345
          ],
          [
            73.567469,
            18.4504902
          ],
          [
            73.5684008,
            18.4507239
          ],
          [
            73.5690987,
            18.4505175
          ],
          [
            73.5698664,
            18.4498788
          ],
          [
            73.5703262,
            18.449357
          ],
          [
            73.5715906,
            18.4486405
          ],
          [
            73.5730438,
            18.4480875
          ],
          [
            73.5742179,
            18.4478733
          ],
          [
            73.5748337,
            18.4482004
          ],
          [
            73.5750882,
            18.448878
          ],
          [
            73.5753345,
            18.44954
          ],
          [
            73.5760324,
            18.4497698
          ],
          [
            73.5768657,
            18.4495323
          ],
          [
            73.5789594,
            18.4486638
          ],
          [
            73.5794766,
            18.4480836
          ],
          [
            73.5797394,
            18.447001
          ],
          [
            73.5798186,
            18.4467631
          ],
          [
            73.5799046,
            18.4466538
          ],
          [
            73.5800472,
            18.4465337
          ],
          [
            73.5806548,
            18.4464325
          ],
          [
            73.581558,
            18.4462183
          ],
          [
            73.5821819,
            18.4463351
          ],
          [
            73.5828059,
            18.446705
          ],
          [
            73.5832123,
            18.4473943
          ],
          [
            73.5837296,
            18.4478577
          ],
          [
            73.5843454,
            18.4480719
          ],
          [
            73.5849776,
            18.4479746
          ],
          [
            73.5856837,
            18.4476241
          ],
          [
            73.5864719,
            18.4473671
          ],
          [
            73.5870178,
            18.4473359
          ],
          [
            73.587297,
            18.4476202
          ],
          [
            73.5877568,
            18.4484185
          ],
          [
            73.5884341,
            18.4492402
          ],
          [
            73.5893373,
            18.4499723
          ],
          [
            73.5901747,
            18.450463
          ],
          [
            73.591123,
            18.4506343
          ],
          [
            73.5920015,
            18.4512496
          ],
          [
            73.5927076,
            18.451861
          ],
          [
            73.5934999,
            18.4526476
          ],
          [
            73.5938612,
            18.4528228
          ],
          [
            73.5945262,
            18.4526008
          ],
          [
            73.5951872,
            18.452632
          ],
          [
            73.5956141,
            18.4530409
          ],
          [
            73.5960575,
            18.4532278
          ],
          [
            73.5964721,
            18.4535237
          ],
          [
            73.597404,
            18.453773
          ],
          [
            73.5992431,
            18.4545362
          ],
          [
            73.6002037,
            18.4549256
          ],
          [
            73.6002675,
            18.4549181
          ],
          [
            73.6007989,
            18.4548555
          ],
          [
            73.6012957,
            18.4546375
          ],
          [
            73.6020264,
            18.4543454
          ],
          [
            73.6033688,
            18.4533797
          ],
          [
            73.6039713,
            18.4532611
          ],
          [
            73.6062674,
            18.4531069
          ],
          [
            73.6072805,
            18.4533355
          ],
          [
            73.6080381,
            18.453352
          ],
          [
            73.6088306,
            18.4530932
          ],
          [
            73.6109177,
            18.4523029
          ],
          [
            73.6123052,
            18.4520826
          ],
          [
            73.6138985,
            18.4517649
          ],
          [
            73.6144815,
            18.4518934
          ],
          [
            73.6157253,
            18.4525165
          ],
          [
            73.6170595,
            18.452423
          ],
          [
            73.6186441,
            18.4523841
          ],
          [
            73.6194816,
            18.4519479
          ],
          [
            73.6206433,
            18.4514378
          ],
          [
            73.6209841,
            18.4511613
          ],
          [
            73.6210662,
            18.4505227
          ],
          [
            73.6207624,
            18.4497906
          ],
          [
            73.6201466,
            18.4495141
          ],
          [
            73.6199249,
            18.4491403
          ],
          [
            73.6202739,
            18.448412
          ],
          [
            73.6215342,
            18.4471347
          ],
          [
            73.6225276,
            18.4464143
          ],
          [
            73.6234636,
            18.446169
          ],
          [
            73.6242928,
            18.4461573
          ],
          [
            73.625508,
            18.4460911
          ],
          [
            73.6267313,
            18.4461339
          ],
          [
            73.6276057,
            18.4461651
          ],
          [
            73.6281517,
            18.4457678
          ],
          [
            73.6292191,
            18.4445411
          ],
          [
            73.6300196,
            18.4439726
          ],
          [
            73.6315426,
            18.4435481
          ],
          [
            73.6326715,
            18.4436143
          ],
          [
            73.6334926,
            18.4433767
          ],
          [
            73.6348267,
            18.4425979
          ],
          [
            73.6352414,
            18.4417995
          ],
          [
            73.6349951,
            18.4410129
          ],
          [
            73.6343796,
            18.4389031
          ],
          [
            73.6345247,
            18.4381045
          ],
          [
            73.6354491,
            18.4361823
          ],
          [
            73.6365493,
            18.4349282
          ],
          [
            73.6376864,
            18.4341376
          ],
          [
            73.6401126,
            18.432942
          ],
          [
            73.6405436,
            18.4326149
          ],
          [
            73.6412579,
            18.4323929
          ],
          [
            73.6421159,
            18.4321631
          ],
          [
            73.6428877,
            18.4324941
          ],
          [
            73.6439961,
            18.4329186
          ],
          [
            73.6448664,
            18.4328213
          ],
          [
            73.645359,
            18.4323345
          ],
          [
            73.6455724,
            18.4312907
          ],
          [
            73.6456012,
            18.4304923
          ],
          [
            73.6450593,
            18.4295888
          ],
          [
            73.6444599,
            18.428654
          ],
          [
            73.6445913,
            18.4275441
          ],
          [
            73.645203,
            18.4263912
          ],
          [
            73.6460938,
            18.4254409
          ],
          [
            73.6473172,
            18.4246425
          ],
          [
            73.6484461,
            18.4243543
          ],
          [
            73.6497926,
            18.4244633
          ],
          [
            73.6505972,
            18.4249891
          ],
          [
            73.6513525,
            18.4249112
          ],
          [
            73.6519642,
            18.4247282
          ],
          [
            73.6521202,
            18.4241089
          ],
          [
            73.6520627,
            18.4231625
          ],
          [
            73.6523706,
            18.4224186
          ],
          [
            73.653011,
            18.4219551
          ],
          [
            73.6537705,
            18.4206698
          ],
          [
            73.6543863,
            18.4196221
          ],
          [
            73.6550267,
            18.4190067
          ],
          [
            73.6559955,
            18.4185705
          ],
          [
            73.6567057,
            18.4180992
          ],
          [
            73.6575062,
            18.4177603
          ],
          [
            73.6582287,
            18.4176941
          ],
          [
            73.659834,
            18.4161079
          ],
          [
            73.6609506,
            18.4155159
          ],
          [
            73.6620631,
            18.4153056
          ],
          [
            73.6632249,
            18.4148654
          ],
          [
            73.6640213,
            18.4140864
          ],
          [
            73.6654499,
            18.4124311
          ],
          [
            73.6670427,
            18.4101602
          ],
          [
            73.6680074,
            18.4088943
          ],
          [
            73.6683358,
            18.4073986
          ],
          [
            73.6684118,
            18.4055939
          ],
          [
            73.6691794,
            18.4032178
          ],
          [
            73.6707989,
            18.399262
          ],
          [
            73.6720904,
            18.3969069
          ]
        ]
      },
      "id": "way/883170188"
    },
    {
      "type": "Feature",
      "properties": {
        "@id": "way/883170189",
        "layer": "-1",
        "tunnel": "culvert",
        "waterway": "river"
      },
      "geometry": {
        "type": "LineString",
        "coordinates": [
          [
            73.5406856,
            18.4527349
          ],
          [
            73.5412101,
            18.4530731
          ]
        ]
      },
      "id": "way/883170189"
    },
    {
      "type": "Feature",
      "properties": {
        "@id": "way/910115687",
        "waterway": "river"
      },
      "geometry": {
        "type": "LineString",
        "coordinates": [
          [
            73.8622785,
            18.5334536
          ],
          [
            73.8640344,
            18.5343655
          ],
          [
            73.8655364,
            18.5344876
          ],
          [
            73.8667488,
            18.5346503
          ],
          [
            73.8677037,
            18.535281
          ],
          [
            73.870343,
            18.5388108
          ],
          [
            73.8719789,
            18.5402889
          ]
        ]
      },
      "id": "way/910115687"
    },
    {
      "type": "Feature",
      "properties": {
        "@id": "way/958612291",
        "waterway": "river"
      },
      "geometry": {
        "type": "LineString",
        "coordinates": [
          [
            73.4007898,
            18.6191248
          ],
          [
            73.4008625,
            18.618915
          ],
          [
            73.4010369,
            18.6186176
          ],
          [
            73.4011951,
            18.6183355
          ],
          [
            73.4012863,
            18.618216
          ],
          [
            73.4014794,
            18.6179237
          ],
          [
            73.4015679,
            18.6177178
          ],
          [
            73.4015921,
            18.6175857
          ],
          [
            73.4015894,
            18.6172756
          ],
          [
            73.4014714,
            18.61694
          ],
          [
            73.4011066,
            18.6164571
          ],
          [
            73.4006238,
            18.615969
          ],
          [
            73.4001678,
            18.6155623
          ],
          [
            73.3999479,
            18.6153132
          ],
          [
            73.3998138,
            18.6150794
          ],
          [
            73.3997869,
            18.6148354
          ],
          [
            73.3998245,
            18.6146066
          ],
          [
            73.3999586,
            18.6142507
          ],
          [
            73.4000713,
            18.6137728
          ],
          [
            73.4002644,
            18.6130764
          ],
          [
            73.4003985,
            18.6127459
          ],
          [
            73.4005219,
            18.6125375
          ],
          [
            73.4007311,
            18.6122833
          ],
          [
            73.4008169,
            18.6119376
          ],
          [
            73.4008169,
            18.6116681
          ],
          [
            73.4006828,
            18.6113326
          ],
          [
            73.4006399,
            18.6108598
          ],
          [
            73.4007096,
            18.6101836
          ],
          [
            73.4007686,
            18.609477
          ],
          [
            73.4007515,
            18.6093227
          ],
          [
            73.4006828,
            18.6087042
          ],
          [
            73.400495,
            18.6081145
          ],
          [
            73.4002161,
            18.6076264
          ],
          [
            73.3997548,
            18.6069401
          ],
          [
            73.3996314,
            18.6065283
          ],
          [
            73.3996367,
            18.6061978
          ],
          [
            73.3997601,
            18.6058216
          ],
          [
            73.400259,
            18.6048963
          ],
          [
            73.400495,
            18.6042252
          ],
          [
            73.4006667,
            18.6033609
          ],
          [
            73.400656,
            18.6027508
          ],
          [
            73.400495,
            18.6021915
          ],
          [
            73.3999371,
            18.6016424
          ],
          [
            73.399229,
            18.6012052
          ],
          [
            73.3985424,
            18.6008493
          ],
          [
            73.3979523,
            18.6005036
          ],
          [
            73.3971369,
            18.5999443
          ],
          [
            73.3967614,
            18.5994664
          ],
          [
            73.3963001,
            18.5986834
          ],
          [
            73.3959567,
            18.5977072
          ],
          [
            73.3957636,
            18.5961819
          ],
          [
            73.3957314,
            18.5947583
          ],
          [
            73.3958709,
            18.5938025
          ],
          [
            73.396064,
            18.593294
          ],
          [
            73.3962142,
            18.5926432
          ],
          [
            73.3961928,
            18.5922263
          ],
          [
            73.3959782,
            18.5916365
          ],
          [
            73.395195,
            18.5905281
          ],
          [
            73.3947658,
            18.5894095
          ],
          [
            73.3945942,
            18.5886366
          ],
          [
            73.3945083,
            18.5877011
          ],
          [
            73.3945942,
            18.5867858
          ],
          [
            73.3947015,
            18.5859723
          ],
          [
            73.3951521,
            18.5848943
          ],
          [
            73.3955598,
            18.5842638
          ],
          [
            73.3960533,
            18.5838367
          ],
          [
            73.3977914,
            18.5825554
          ],
          [
            73.3993578,
            18.581091
          ],
          [
            73.4017181,
            18.579057
          ],
          [
            73.4032202,
            18.5775112
          ],
          [
            73.4040785,
            18.5760875
          ],
          [
            73.4053015,
            18.5745009
          ],
          [
            73.4063959,
            18.5732602
          ],
          [
            73.4079623,
            18.571633
          ],
          [
            73.4106016,
            18.5694159
          ],
          [
            73.4136915,
            18.5674632
          ],
          [
            73.4173393,
            18.5662427
          ],
          [
            73.4186267,
            18.5662021
          ],
          [
            73.4202575,
            18.5663648
          ],
          [
            73.4215021,
            18.5663648
          ],
          [
            73.4233903,
            18.5658766
          ],
          [
            73.4248066,
            18.5646968
          ],
          [
            73.426094,
            18.5630288
          ],
          [
            73.4272956,
            18.5611981
          ],
          [
            73.4287118,
            18.5602217
          ],
          [
            73.4300422,
            18.5595708
          ],
          [
            73.4315872,
            18.5594081
          ],
          [
            73.4333467,
            18.5595708
          ],
          [
            73.4349775,
            18.5601404
          ],
          [
            73.4364795,
            18.5613202
          ],
          [
            73.4382391,
            18.5629475
          ],
          [
            73.4399128,
            18.5650223
          ],
          [
            73.4415865,
            18.5663241
          ],
          [
            73.4431314,
            18.5670157
          ],
          [
            73.4454488,
            18.5675852
          ],
          [
            73.4470796,
            18.5678293
          ],
          [
            73.4490537,
            18.5675039
          ],
          [
            73.4530448,
            18.5657546
          ],
          [
            73.4550619,
            18.5641273
          ],
          [
            73.4579801,
            18.5616863
          ],
          [
            73.4592247,
            18.5600183
          ],
          [
            73.4601259,
            18.5585944
          ],
          [
            73.460555,
            18.5565195
          ],
          [
            73.4608554,
            18.5546887
          ],
          [
            73.4611988,
            18.5527765
          ],
          [
            73.4616708,
            18.5505795
          ],
          [
            73.4633445,
            18.5473653
          ],
          [
            73.4671211,
            18.5415878
          ],
          [
            73.4693527,
            18.5386989
          ],
          [
            73.4713268,
            18.5373562
          ],
          [
            73.4735584,
            18.5365017
          ],
          [
            73.4766483,
            18.5360948
          ],
          [
            73.4800815,
            18.5365831
          ],
          [
            73.4849309,
            18.5373155
          ],
          [
            73.4876346,
            18.5373969
          ],
          [
            73.4902954,
            18.53699
          ],
          [
            73.4937286,
            18.5360948
          ],
          [
            73.5008525,
            18.5338569
          ],
          [
            73.5058629,
            18.5323819
          ],
          [
            73.5086417,
            18.531212
          ]
        ]
      },
      "id": "way/958612291"
    },
    {
      "type": "Feature",
      "properties": {
        "@id": "way/1094394854",
        "boat": "no",
        "name": "Pavana River",
        "name:mr": "पवना",
        "waterway": "river"
      },
      "geometry": {
        "type": "LineString",
        "coordinates": [
          [
            73.7788841,
            18.6225597
          ],
          [
            73.7792693,
            18.6220452
          ],
          [
            73.7800178,
            18.6212061
          ],
          [
            73.781152,
            18.6199034
          ],
          [
            73.7826559,
            18.6175455
          ],
          [
            73.7830898,
            18.6169145
          ],
          [
            73.7835993,
            18.6166676
          ],
          [
            73.784262,
            18.6167292
          ],
          [
            73.7850628,
            18.6170266
          ],
          [
            73.7874129,
            18.6190099
          ],
          [
            73.7882278,
            18.6202702
          ],
          [
            73.7887642,
            18.621531
          ],
          [
            73.7888126,
            18.6225224
          ],
          [
            73.78835,
            18.6257296
          ],
          [
            73.7883483,
            18.6264255
          ],
          [
            73.788637,
            18.6270365
          ],
          [
            73.7892092,
            18.6277518
          ],
          [
            73.789914,
            18.6281773
          ],
          [
            73.7905968,
            18.6282848
          ],
          [
            73.7914123,
            18.6280606
          ],
          [
            73.7925858,
            18.6272348
          ],
          [
            73.7936158,
            18.6260961
          ],
          [
            73.7949891,
            18.6249574
          ],
          [
            73.7972215,
            18.6233298
          ],
          [
            73.7978248,
            18.6223723
          ],
          [
            73.7980345,
            18.6213605
          ],
          [
            73.7979193,
            18.6201156
          ],
          [
            73.7975199,
            18.6188584
          ],
          [
            73.7972624,
            18.6183787
          ],
          [
            73.7967447,
            18.6176324
          ],
          [
            73.7964485,
            18.6167838
          ],
          [
            73.7964418,
            18.615814
          ],
          [
            73.7967368,
            18.6148287
          ],
          [
            73.7970294,
            18.6140153
          ],
          [
            73.79721,
            18.613369
          ],
          [
            73.7973278,
            18.6127566
          ],
          [
            73.7972252,
            18.6117408
          ],
          [
            73.7971382,
            18.6114419
          ],
          [
            73.7969444,
            18.6107761
          ],
          [
            73.7967569,
            18.6102607
          ],
          [
            73.7963935,
            18.6095415
          ],
          [
            73.7961667,
            18.6089162
          ],
          [
            73.7963392,
            18.6079248
          ],
          [
            73.7968655,
            18.6062471
          ],
          [
            73.7973153,
            18.6046856
          ],
          [
            73.7977895,
            18.6038267
          ],
          [
            73.7985149,
            18.6031491
          ],
          [
            73.7993538,
            18.6026011
          ],
          [
            73.8011647,
            18.6025762
          ],
          [
            73.8031411,
            18.6029468
          ]
        ]
      },
      "id": "way/1094394854"
    },
    {
      "type": "Feature",
      "properties": {
        "@id": "way/1370255036",
        "intermittent": "yes",
        "waterway": "river"
      },
      "geometry": {
        "type": "LineString",
        "coordinates": [
          [
            73.5373809,
            18.4222307
          ],
          [
            73.5378127,
            18.4223467
          ],
          [
            73.5380988,
            18.4225324
          ],
          [
            73.5382538,
            18.4226757
          ],
          [
            73.5383806,
            18.4227688
          ],
          [
            73.5387553,
            18.4229231
          ],
          [
            73.5393814,
            18.4230213
          ],
          [
            73.5398497,
            18.4231242
          ],
          [
            73.5403772,
            18.4231663
          ],
          [
            73.5408307,
            18.423316
          ],
          [
            73.5412448,
            18.4233628
          ],
          [
            73.5414962,
            18.4233394
          ],
          [
            73.5417032,
            18.423316
          ],
          [
            73.5418955,
            18.4233207
          ],
          [
            73.5421075,
            18.4234563
          ],
          [
            73.5424131,
            18.4236714
          ],
          [
            73.5431821,
            18.4238117
          ],
          [
            73.5433581,
            18.4239105
          ],
          [
            73.5434173,
            18.4240648
          ],
          [
            73.5434271,
            18.4243408
          ],
          [
            73.5434616,
            18.4245372
          ],
          [
            73.5435701,
            18.4246916
          ],
          [
            73.5437426,
            18.4247757
          ],
          [
            73.544068,
            18.4248646
          ],
          [
            73.5443687,
            18.4251312
          ],
          [
            73.5448962,
            18.4256457
          ],
          [
            73.5453546,
            18.4260058
          ],
          [
            73.5456307,
            18.4262303
          ],
          [
            73.5460349,
            18.4264969
          ],
          [
            73.5462765,
            18.4265343
          ],
          [
            73.5466117,
            18.426539
          ],
          [
            73.5470061,
            18.4265062
          ],
          [
            73.5471786,
            18.4265343
          ],
          [
            73.5472723,
            18.4265998
          ],
          [
            73.5474596,
            18.4268196
          ],
          [
            73.5477751,
            18.4271142
          ],
          [
            73.5481103,
            18.4272919
          ],
          [
            73.548342,
            18.4273481
          ],
          [
            73.548485,
            18.4274182
          ],
          [
            73.5486279,
            18.4275632
          ],
          [
            73.5488646,
            18.4277035
          ],
          [
            73.5490322,
            18.4277737
          ],
          [
            73.5492786,
            18.427797
          ],
          [
            73.5495448,
            18.4277456
          ],
          [
            73.549812,
            18.4276648
          ],
          [
            73.5500104,
            18.4276309
          ],
          [
            73.5501209,
            18.4276309
          ],
          [
            73.5503128,
            18.4277111
          ],
          [
            73.5503844,
            18.427816
          ],
          [
            73.550495,
            18.4279703
          ],
          [
            73.5506869,
            18.4280752
          ],
          [
            73.550934,
            18.4280536
          ],
          [
            73.5511422,
            18.4280073
          ],
          [
            73.5514479,
            18.4279024
          ],
          [
            73.5516235,
            18.4278561
          ],
          [
            73.5517504,
            18.4278592
          ],
          [
            73.5518675,
            18.4278931
          ],
          [
            73.5519683,
            18.4279734
          ],
          [
            73.5522781,
            18.4282273
          ],
          [
            73.5526383,
            18.4285504
          ],
          [
            73.5529115,
            18.4287324
          ],
          [
            73.5532985,
            18.4288127
          ],
          [
            73.5537051,
            18.4288589
          ],
          [
            73.5542287,
            18.4289176
          ],
          [
            73.5547905,
            18.4289466
          ],
          [
            73.5555606,
            18.4290326
          ],
          [
            73.556444,
            18.429183
          ],
          [
            73.5567416,
            18.4292714
          ],
          [
            73.5569009,
            18.4292656
          ],
          [
            73.5574848,
            18.4290302
          ],
          [
            73.5575512,
            18.4290154
          ],
          [
            73.5578182,
            18.4290965
          ]
        ]
      },
      "id": "way/1370255036"
    },
    {
      "type": "Feature",
      "properties": {
        "@id": "way/1370255037",
        "waterway": "river"
      },
      "geometry": {
        "type": "LineString",
        "coordinates": [
          [
            73.5578182,
            18.4290965
          ],
          [
            73.5579034,
            18.4291129
          ],
          [
            73.5580724,
            18.4291554
          ],
          [
            73.5581388,
            18.4292059
          ],
          [
            73.558192,
            18.4293397
          ],
          [
            73.5583188,
            18.4297099
          ],
          [
            73.5584521,
            18.4302869
          ],
          [
            73.5584391,
            18.4306047
          ],
          [
            73.5584554,
            18.4308577
          ],
          [
            73.5585659,
            18.4312125
          ],
          [
            73.5586082,
            18.4314594
          ],
          [
            73.5587188,
            18.4317957
          ],
          [
            73.5588521,
            18.4319654
          ],
          [
            73.559018,
            18.4320981
          ],
          [
            73.5592717,
            18.4321783
          ],
          [
            73.5595124,
            18.4321505
          ],
          [
            73.5597986,
            18.4321197
          ],
          [
            73.5601043,
            18.4320919
          ],
          [
            73.5605889,
            18.4321073
          ],
          [
            73.5610345,
            18.4321505
          ],
          [
            73.5613044,
            18.4323696
          ],
          [
            73.5613825,
            18.4325362
          ],
          [
            73.5614736,
            18.4329343
          ],
          [
            73.5615061,
            18.4330515
          ],
          [
            73.5616492,
            18.4333662
          ],
          [
            73.5618541,
            18.433539
          ],
          [
            73.5621631,
            18.4336069
          ],
          [
            73.5626282,
            18.4336192
          ],
          [
            73.5629827,
            18.4336192
          ],
          [
            73.5632363,
            18.4336779
          ],
          [
            73.5633827,
            18.4337365
          ],
          [
            73.5636234,
            18.4338753
          ],
          [
            73.5638055,
            18.4339802
          ],
          [
            73.5642641,
            18.4340512
          ],
          [
            73.5645633,
            18.434042
          ],
          [
            73.5649406,
            18.4340389
          ],
          [
            73.5652138,
            18.434116
          ],
          [
            73.5654252,
            18.4342117
          ],
          [
            73.5657374,
            18.4344708
          ],
          [
            73.5659521,
            18.4346066
          ],
          [
            73.5662318,
            18.4347454
          ],
          [
            73.5664822,
            18.4347856
          ],
          [
            73.5668172,
            18.4347362
          ],
          [
            73.5670872,
            18.4347084
          ],
          [
            73.5672042,
            18.43473
          ],
          [
            73.5672856,
            18.4347763
          ],
          [
            73.5673539,
            18.4348565
          ],
          [
            73.5674774,
            18.4351188
          ],
          [
            73.5675653,
            18.4352885
          ],
          [
            73.5676758,
            18.4354273
          ],
          [
            73.5679718,
            18.4356001
          ],
          [
            73.5683231,
            18.4357637
          ],
          [
            73.5684987,
            18.4358902
          ],
          [
            73.5687296,
            18.4361154
          ],
          [
            73.5689182,
            18.4363406
          ],
          [
            73.5690093,
            18.4364363
          ],
          [
            73.5691394,
            18.4366461
          ],
          [
            73.5692532,
            18.4368898
          ],
          [
            73.5694224,
            18.4372138
          ],
          [
            73.5696468,
            18.4374051
          ],
          [
            73.5698744,
            18.4375285
          ],
          [
            73.5699915,
            18.4376612
          ],
          [
            73.5700631,
            18.4381086
          ],
          [
            73.5701086,
            18.4384326
          ],
          [
            73.5702973,
            18.4389293
          ],
          [
            73.5706672,
            18.4393343
          ],
          [
            73.5711291,
            18.4397971
          ],
          [
            73.5718381,
            18.4401056
          ],
          [
            73.57243,
            18.4402475
          ],
          [
            73.5729764,
            18.4403031
          ],
          [
            73.5735098,
            18.4403524
          ],
          [
            73.57377,
            18.4403339
          ],
          [
            73.5739716,
            18.4402599
          ],
          [
            73.5741378,
            18.4402248
          ],
          [
            73.5742733,
            18.4402178
          ],
          [
            73.5743991,
            18.4402435
          ],
          [
            73.5745543,
            18.4403254
          ],
          [
            73.574823,
            18.4404867
          ],
          [
            73.5751573,
            18.4407175
          ],
          [
            73.5755866,
            18.4410569
          ],
          [
            73.5761785,
            18.4415721
          ],
          [
            73.5764647,
            18.4419609
          ],
          [
            73.5765818,
            18.4422324
          ],
          [
            73.5766306,
            18.4424915
          ],
          [
            73.5766306,
            18.4427939
          ],
          [
            73.5766143,
            18.4432382
          ],
          [
            73.5765786,
            18.4439077
          ],
          [
            73.5765548,
            18.4442224
          ],
          [
            73.5765745,
            18.444358
          ],
          [
            73.5766337,
            18.4444375
          ],
          [
            73.5767446,
            18.4444983
          ],
          [
            73.5770428,
            18.4445334
          ],
          [
            73.5775876,
            18.4446222
          ],
          [
            73.5783492,
            18.4447087
          ],
          [
            73.5786943,
            18.4447836
          ],
          [
            73.5788427,
            18.4448821
          ],
          [
            73.579021,
            18.4450245
          ],
          [
            73.5791541,
            18.4451803
          ],
          [
            73.5792391,
            18.4453844
          ],
          [
            73.5792928,
            18.4455482
          ],
          [
            73.5793466,
            18.4456369
          ],
          [
            73.5794203,
            18.4456933
          ],
          [
            73.5794627,
            18.4457846
          ],
          [
            73.5794939,
            18.4459457
          ],
          [
            73.5794712,
            18.4461848
          ],
          [
            73.5794854,
            18.4464614
          ],
          [
            73.5795505,
            18.4466468
          ],
          [
            73.5796015,
            18.4467193
          ],
          [
            73.5797034,
            18.446773
          ],
          [
            73.5798186,
            18.4467631
          ]
        ]
      },
      "id": "way/1370255037"
    }
  ]
}